S1	S1
SAOUHSC_00001	dnaA
S2	S2
SAOUHSC_00002	SAOUHSC_00002
SAOUHSC_00003	SAOUHSC_00003
SAOUHSC_00004	recF
SAOUHSC_00005	SAOUHSC_00005
SAOUHSC_00006	SAOUHSC_00006
SAOUHSC_00007	SAOUHSC_00007
S3	S3
SAOUHSC_00008	SAOUHSC_00008
S4	S4
S5	S5
SAOUHSC_00009	SAOUHSC_00009
S6	S6
SAOUHSC_00010	SAOUHSC_00010
SAOUHSC_00012	SAOUHSC_00012
S7	S7
SAOUHSC_00013	SAOUHSC_00013
S8	S8
SAOUHSC_00014	SAOUHSC_00014
SAOUHSC_00015	SAOUHSC_00015
SAOUHSC_00017	rplI
SAOUHSC_00018	SAOUHSC_00018
SAOUHSC_00019	SAOUHSC_00019
SAOUHSC_T00018	SAOUHSC_T00018
SAOUHSC_T00011	SAOUHSC_T00011
S9	S9
SAOUHSC_00020	SAOUHSC_00020
SAOUHSC_00021	SAOUHSC_00021
SAOUHSC_00022	SAOUHSC_00022
SAOUHSC_00023	SAOUHSC_00023
S10	S10
SAOUHSC_00024	SAOUHSC_00024
SAOUHSC_00025	SAOUHSC_00025
SAOUHSC_00026	SAOUHSC_00026
S11	S11
SAOUHSC_00027	SAOUHSC_00027
S12	S12
SAOUHSC_00028	SAOUHSC_00028
SAOUHSC_00029	SAOUHSC_00029
S13	S13
SAOUHSC_00030	SAOUHSC_00030
S14	S14
SAOUHSC_00031	SAOUHSC_00031
SAOUHSC_00032	SAOUHSC_00032
S15	S15
SAOUHSC_00033	SAOUHSC_00033
SAOUHSC_00034	SAOUHSC_00034
SAOUHSC_00035	SAOUHSC_00035
SAOUHSC_00036	SAOUHSC_00036
SAOUHSC_00037	SAOUHSC_00037
S16	S16
SAOUHSC_00038	SAOUHSC_00038
S17	S17
SAOUHSC_00039	SAOUHSC_00039
S18	S18
S19	S19
SAOUHSC_00040	SAOUHSC_00040
SAOUHSC_00041	SAOUHSC_00041
SAOUHSC_00042	SAOUHSC_00042
SAOUHSC_00043	SAOUHSC_00043
SAOUHSC_00044	SAOUHSC_00044
S20	S20
S21	S21
SAOUHSC_00045	SAOUHSC_00045
SAOUHSC_00046	SAOUHSC_00046
SAOUHSC_00047	SAOUHSC_00047
SAOUHSC_00049	SAOUHSC_00049
SAOUHSC_00050	SAOUHSC_00050
SAOUHSC_00051	SAOUHSC_00051
SAOUHSC_00052	SAOUHSC_00052
SAOUHSC_00053	SAOUHSC_00053
SAOUHSC_00054	SAOUHSC_00054
SAOUHSC_00055	SAOUHSC_00055
S22	S22
S23	S23
SAOUHSC_00056	SAOUHSC_00056
SAOUHSC_00057	SAOUHSC_00057
SAOUHSC_00058	SAOUHSC_00058
S24	S24
S25	S25
SAOUHSC_00060	SAOUHSC_00060
SAOUHSC_00061	SAOUHSC_00061
SAOUHSC_00062	SAOUHSC_00062
SAOUHSC_00064	SAOUHSC_00064
S26	S26
SAOUHSC_00065	SAOUHSC_00065
S27	S27
S28	S28
SAOUHSC_00067	SAOUHSC_00067
S29	S29
SAOUHSC_00069	SAOUHSC_00069
SAOUHSC_00070	SAOUHSC_00070
SAOUHSC_00071	SAOUHSC_00071
S30	S30
SAOUHSC_00072	SAOUHSC_00072
SAOUHSC_00074	SAOUHSC_00074
S31	S31
S32	S32
SAOUHSC_00075	SAOUHSC_00075
SAOUHSC_00076	SAOUHSC_00076
SAOUHSC_00077	SAOUHSC_00077
SAOUHSC_00078	SAOUHSC_00078
SAOUHSC_00079	SAOUHSC_00079
SAOUHSC_00080	SAOUHSC_00080
SAOUHSC_00081	SAOUHSC_00081
SAOUHSC_00082	SAOUHSC_00082
SAOUHSC_00083	SAOUHSC_00083
SAOUHSC_A00084	SAOUHSC_A00084
S33	S33
SAOUHSC_00084	SAOUHSC_00084
SAOUHSC_00085	SAOUHSC_00085
SAOUHSC_00086	SAOUHSC_00086
SAOUHSC_00087	SAOUHSC_00087
SAOUHSC_00088	SAOUHSC_00088
SAOUHSC_00089	SAOUHSC_00089
SAOUHSC_00090	SAOUHSC_00090
SAOUHSC_00091	SAOUHSC_00091
SAOUHSC_00092	SAOUHSC_00092
SAOUHSC_00093	SAOUHSC_00093
SAOUHSC_00094	SAOUHSC_00094
S34	S34
SAOUHSC_00096	SAOUHSC_00096
SAOUHSC_A00097	SAOUHSC_A00097
SAOUHSC_00097	SAOUHSC_00097
SAOUHSC_00099	SAOUHSC_00099
SAOUHSC_00100	SAOUHSC_00100
SAOUHSC_00101	SAOUHSC_00101
SAOUHSC_00102	SAOUHSC_00102
SAOUHSC_00103	SAOUHSC_00103
SAOUHSC_00104	SAOUHSC_00104
SAOUHSC_00105	SAOUHSC_00105
SAOUHSC_00106	SAOUHSC_00106
SAOUHSC_00107	SAOUHSC_00107
SAOUHSC_00108	SAOUHSC_00108
SAOUHSC_00109	SAOUHSC_00109
SAOUHSC_00110	SAOUHSC_00110
SAOUHSC_00111	SAOUHSC_00111
S35	S35
SAOUHSC_00112	SAOUHSC_00112
SAOUHSC_00113	SAOUHSC_00113
S36	S36
S37	S37
SAOUHSC_00114	SAOUHSC_00114
SAOUHSC_00115	SAOUHSC_00115
SAOUHSC_00116	SAOUHSC_00116
SAOUHSC_00117	SAOUHSC_00117
SAOUHSC_00118	SAOUHSC_00118
SAOUHSC_00119	SAOUHSC_00119
SAOUHSC_00120	SAOUHSC_00120
SAOUHSC_00121	SAOUHSC_00121
SAOUHSC_00122	SAOUHSC_00122
SAOUHSC_00123	SAOUHSC_00123
SAOUHSC_00124	SAOUHSC_00124
SAOUHSC_00125	SAOUHSC_00125
SAOUHSC_00126	SAOUHSC_00126
SAOUHSC_00127	SAOUHSC_00127
SAOUHSC_00128	SAOUHSC_00128
S38	S38
SAOUHSC_00129	SAOUHSC_00129
SAOUHSC_00130	SAOUHSC_00130
SAOUHSC_00131	SAOUHSC_00131
S39	S39
S40	S40
SAOUHSC_00132	SAOUHSC_00132
S41	S41
S42	S42
S43	S43
SAOUHSC_00133	SAOUHSC_00133
SAOUHSC_00134	SAOUHSC_00134
SAOUHSC_00135	SAOUHSC_00135
S44	S44
SAOUHSC_00136	SAOUHSC_00136
SAOUHSC_00137	SAOUHSC_00137
SAOUHSC_00138	SAOUHSC_00138
SAOUHSC_00139	SAOUHSC_00139
S45	S45
SAOUHSC_00141	SAOUHSC_00141
S46	S46
SAOUHSC_00142	SAOUHSC_00142
S47	S47
S48	S48
SAOUHSC_00143	SAOUHSC_00143
S49	S49
SAOUHSC_00144	SAOUHSC_00144
SAOUHSC_00145	SAOUHSC_00145
SAOUHSC_00146	SAOUHSC_00146
SAOUHSC_00147	SAOUHSC_00147
SAOUHSC_00148	argJ
SAOUHSC_00149	argC
SAOUHSC_00150	SAOUHSC_00150
SAOUHSC_00151	SAOUHSC_00151
SAOUHSC_00152	SAOUHSC_00152
S50	S50
SAOUHSC_00153	SAOUHSC_00153
SAOUHSC_00154	SAOUHSC_00154
SAOUHSC_00155	SAOUHSC_00155
S51	S51
S52	S52
SAOUHSC_00156	SAOUHSC_00156
SAOUHSC_00157	murQ
SAOUHSC_00158	SAOUHSC_00158
SAOUHSC_00160	SAOUHSC_00160
S53	S53
SAOUHSC_00161	SAOUHSC_00161
SAOUHSC_00162	SAOUHSC_00162
SAOUHSC_00163	SAOUHSC_00163
SAOUHSC_00164	SAOUHSC_00164
SAOUHSC_00166	SAOUHSC_00166
S54	S54
SAOUHSC_00167	SAOUHSC_00167
SAOUHSC_00168	SAOUHSC_00168
SAOUHSC_00169	SAOUHSC_00169
SAOUHSC_00170	SAOUHSC_00170
SAOUHSC_00171	SAOUHSC_00171
S55	S55
SAOUHSC_00172	SAOUHSC_00172
SAOUHSC_00173	SAOUHSC_00173
SAOUHSC_00174	SAOUHSC_00174
SAOUHSC_00175	SAOUHSC_00175
SAOUHSC_00176	SAOUHSC_00176
SAOUHSC_00177	SAOUHSC_00177
SAOUHSC_00178	SAOUHSC_00178
S56	S56
SAOUHSC_00179	SAOUHSC_00179
SAOUHSC_00180	SAOUHSC_00180
SAOUHSC_00181	SAOUHSC_00181
S57	S57
SAOUHSC_00182	SAOUHSC_00182
SAOUHSC_00183	uhpT
S58	RsaG
SAOUHSC_00184	SAOUHSC_00184
SAOUHSC_00185	SAOUHSC_00185
SAOUHSC_00186	SAOUHSC_00186
S59	S59
SAOUHSC_00187	SAOUHSC_00187
SAOUHSC_00188	SAOUHSC_00188
SAOUHSC_00189	SAOUHSC_00189
SAOUHSC_00190	SAOUHSC_00190
S60	S60
SAOUHSC_00191	SAOUHSC_00191
SAOUHSC_00192	SAOUHSC_00192
S61	S61
S62	S62
SAOUHSC_00193	SAOUHSC_00193
SAOUHSC_00194	SAOUHSC_00194
S63	S63
SAOUHSC_00195	SAOUHSC_00195
SAOUHSC_00196	SAOUHSC_00196
S64	S64
SAOUHSC_00197	SAOUHSC_00197
S65	S65
SAOUHSC_00198	SAOUHSC_00198
SAOUHSC_00199	SAOUHSC_00199
S66	S66
SAOUHSC_00200	SAOUHSC_00200
SAOUHSC_00201	SAOUHSC_00201
S67	S67
SAOUHSC_00202	SAOUHSC_00202
S68	S68
SAOUHSC_00203	SAOUHSC_00203
SAOUHSC_00204	SAOUHSC_00204
SAOUHSC_00205	SAOUHSC_00205
S69	S69
SAOUHSC_00206	SAOUHSC_00206
S70	S70
SAOUHSC_00208	SAOUHSC_00208
SAOUHSC_00209	SAOUHSC_00209
S71	S71
S72	S72
SAOUHSC_00211	SAOUHSC_00211
SAOUHSC_00212	SAOUHSC_00212
SAOUHSC_00213	SAOUHSC_00213
SAOUHSC_00214	SAOUHSC_00214
SAOUHSC_00215	SAOUHSC_00215
SAOUHSC_00216	SAOUHSC_00216
SAOUHSC_00217	SAOUHSC_00217
SAOUHSC_00218	SAOUHSC_00218
SAOUHSC_00219	SAOUHSC_00219
S73	S73
SAOUHSC_00220	SAOUHSC_00220
SAOUHSC_00221	SAOUHSC_00221
SAOUHSC_A00219	SAOUHSC_A00219
S74	S74
SAOUHSC_00222	SAOUHSC_00222
S75	S75
S76	S76
SAOUHSC_00223	SAOUHSC_00223
S77	S77
S78	S78
SAOUHSC_00225	ispD
SAOUHSC_00226	SAOUHSC_00226
SAOUHSC_00227	SAOUHSC_00227
SAOUHSC_00228	SAOUHSC_00228
SAOUHSC_00229	SAOUHSC_00229
SAOUHSC_00230	SAOUHSC_00230
SAOUHSC_00231	SAOUHSC_00231
SAOUHSC_00232	SAOUHSC_00232
SAOUHSC_00233	SAOUHSC_00233
SAOUHSC_00234	SAOUHSC_00234
SAOUHSC_00235	SAOUHSC_00235
SAOUHSC_00236	SAOUHSC_00236
S79	S79
SAOUHSC_00237	SAOUHSC_00237
SAOUHSC_00238	SAOUHSC_00238
SAOUHSC_00239	SAOUHSC_00239
SAOUHSC_00240	SAOUHSC_00240
SAOUHSC_00241	SAOUHSC_00241
SAOUHSC_00242	SAOUHSC_00242
SAOUHSC_00243	SAOUHSC_00243
SAOUHSC_00244	SAOUHSC_00244
SAOUHSC_00245	SAOUHSC_00245
S80	S80
SAOUHSC_00246	SAOUHSC_00246
S81	S81
S82	S82
SAOUHSC_00247	SAOUHSC_00247
S83	S83
SAOUHSC_00248	SAOUHSC_00248
SAOUHSC_00249	SAOUHSC_00249
SAOUHSC_00250	SAOUHSC_00250
SAOUHSC_00251	SAOUHSC_00251
SAOUHSC_00253	SAOUHSC_00253
SAOUHSC_00254	SAOUHSC_00254
SAOUHSC_00255	SAOUHSC_00255
SAOUHSC_00256	SAOUHSC_00256
S84	S84
SAOUHSC_00257	SAOUHSC_00257
SAOUHSC_00258	SAOUHSC_00258
SAOUHSC_00259	SAOUHSC_00259
SAOUHSC_00260	SAOUHSC_00260
SAOUHSC_00261	SAOUHSC_00261
SAOUHSC_00262	SAOUHSC_00262
SAOUHSC_00264	SAOUHSC_00264
SAOUHSC_00265	SAOUHSC_00265
SAOUHSC_00266	SAOUHSC_00266
SAOUHSC_00267	SAOUHSC_00267
SAOUHSC_00268	SAOUHSC_00268
SAOUHSC_00269	SAOUHSC_00269
SAOUHSC_00270	SAOUHSC_00270
SAOUHSC_00271	SAOUHSC_00271
S85	S85
SAOUHSC_00272	SAOUHSC_00272
SAOUHSC_00274	SAOUHSC_00274
SAOUHSC_00275	SAOUHSC_00275
SAOUHSC_00276	SAOUHSC_00276
SAOUHSC_00277	SAOUHSC_00277
SAOUHSC_00278	SAOUHSC_00278
S86	S86
SAOUHSC_00279	SAOUHSC_00279
S87	S87
SAOUHSC_00280	SAOUHSC_00280
S88	S88
SAOUHSC_00281	SAOUHSC_00281
SAOUHSC_00282	SAOUHSC_00282
S89	S89
SAOUHSC_00284	SAOUHSC_00284
SAOUHSC_A00283	SAOUHSC_A00283
S90	S90
SAOUHSC_00285	SAOUHSC_00285
SAOUHSC_00287	SAOUHSC_00287
S91	S91
SAOUHSC_00289	SAOUHSC_00289
SAOUHSC_00290	SAOUHSC_00290
SAOUHSC_00291	SAOUHSC_00291
SAOUHSC_00292	SAOUHSC_00292
SAOUHSC_00293	SAOUHSC_00293
SAOUHSC_00294	SAOUHSC_00294
SAOUHSC_00295	SAOUHSC_00295
SAOUHSC_00296	SAOUHSC_00296
SAOUHSC_00297	SAOUHSC_00297
SAOUHSC_00298	SAOUHSC_00298
SAOUHSC_00299	SAOUHSC_00299
S92	S92
SAOUHSC_00300	SAOUHSC_00300
S93	S93
S94	S94
SAOUHSC_00301	SAOUHSC_00301
SAOUHSC_00302	SAOUHSC_00302
SAOUHSC_00303	SAOUHSC_00303
S95	S95
SAOUHSC_00304	SAOUHSC_00304
SAOUHSC_00305	SAOUHSC_00305
SAOUHSC_00306	SAOUHSC_00306
SAOUHSC_00307	SAOUHSC_00307
SAOUHSC_00308	SAOUHSC_00308
S97	S97
S98	S98
SAOUHSC_00309	SAOUHSC_00309
SAOUHSC_00310	ulaA
SAOUHSC_00311	SAOUHSC_00311
SAOUHSC_00312	SAOUHSC_00312
SAOUHSC_00313	SAOUHSC_00313
SAOUHSC_00314	SAOUHSC_00314
S99	S99
SAOUHSC_00315	SAOUHSC_00315
SAOUHSC_00316	SAOUHSC_00316
SAOUHSC_00317	SAOUHSC_00317
SAOUHSC_00318	SAOUHSC_00318
SAOUHSC_00319	SAOUHSC_00319
SAOUHSC_00320	SAOUHSC_00320
SAOUHSC_00322	SAOUHSC_00322
SAOUHSC_00323	SAOUHSC_00323
SAOUHSC_00324	SAOUHSC_00324
SAOUHSC_00325	SAOUHSC_00325
SAOUHSC_00326	SAOUHSC_00326
SAOUHSC_00327	SAOUHSC_00327
S100	S100
SAOUHSC_00328	SAOUHSC_00328
S101	S101
SAOUHSC_00329	SAOUHSC_00329
S102	S102
SAOUHSC_00330	SAOUHSC_00330
S103	S103
SAOUHSC_00331	SAOUHSC_00331
SAOUHSC_00332	SAOUHSC_00332
SAOUHSC_00333	SAOUHSC_00333
SAOUHSC_00334	SAOUHSC_00334
SAOUHSC_00335	SAOUHSC_00335
S104	S104
SAOUHSC_A00332	SAOUHSC_A00332
SAOUHSC_00336	SAOUHSC_00336
S105	S105
SAOUHSC_00337	SAOUHSC_00337
SAOUHSC_00338	SAOUHSC_00338
SAOUHSC_00339	SAOUHSC_00339
SAOUHSC_00340	SAOUHSC_00340
SAOUHSC_00341	SAOUHSC_00341
S106	S106
SAOUHSC_00342	SAOUHSC_00342
S107	S107
SAOUHSC_00344	SAOUHSC_00344
SAOUHSC_00345	SAOUHSC_00345
SAOUHSC_00346	SAOUHSC_00346
SAOUHSC_00347	SAOUHSC_00347
S108	S108
SAOUHSC_00348	rpsF
SAOUHSC_00349	SAOUHSC_00349
SAOUHSC_00350	rpsR
S109	S109
SAOUHSC_00351	SAOUHSC_00351
SAOUHSC_00352	SAOUHSC_00352
SAOUHSC_00353	SAOUHSC_00353
SAOUHSC_00354	SAOUHSC_00354
SAOUHSC_00355	SAOUHSC_00355
S110	S110
SAOUHSC_00356	SAOUHSC_00356
S111	S111
S112	S112
SAOUHSC_00357	SAOUHSC_00357
S113	S113
SAOUHSC_00358	SAOUHSC_00358
SAOUHSC_A00354	SAOUHSC_A00354
SAOUHSC_00359	SAOUHSC_00359
SAOUHSC_00360	SAOUHSC_00360
SAOUHSC_00362	SAOUHSC_00362
S114	S114
SAOUHSC_00363	SAOUHSC_00363
SAOUHSC_00364	SAOUHSC_00364
SAOUHSC_00365	SAOUHSC_00365
S115	S115
SAOUHSC_00366	SAOUHSC_00366
SAOUHSC_00367	SAOUHSC_00367
S116	S116
SAOUHSC_00368	SAOUHSC_00368
S117	S117
SAOUHSC_00369	SAOUHSC_00369
S118	S118
SAOUHSC_00370	SAOUHSC_00370
S119	S119
SAOUHSC_00371	SAOUHSC_00371
S120	S120
SAOUHSC_00372	SAOUHSC_00372
SAOUHSC_00373	SAOUHSC_00373
SAOUHSC_00374	SAOUHSC_00374
SAOUHSC_00375	guaA
S121	S121
SAOUHSC_00376	SAOUHSC_00376
S122	S122
SAOUHSC_00377	SAOUHSC_00377
SAOUHSC_00378	SAOUHSC_00378
SAOUHSC_00381a	SAOUHSC_00381a
SAOUHSC_00381	SAOUHSC_00381
SAOUHSC_00382	SAOUHSC_00382
SAOUHSC_00383	SAOUHSC_00383
SAOUHSC_00384	SAOUHSC_00384
SAOUHSC_00386	SAOUHSC_00386
SAOUHSC_00387	SAOUHSC_00387
SAOUHSC_00389	SAOUHSC_00389
SAOUHSC_00390	SAOUHSC_00390
SAOUHSC_A00379	SAOUHSC_A00379
SAOUHSC_00391	SAOUHSC_00391
SAOUHSC_00392	SAOUHSC_00392
SAOUHSC_00393	SAOUHSC_00393
SAOUHSC_00394	SAOUHSC_00394
SAOUHSC_00395	SAOUHSC_00395
SAOUHSC_00396	SAOUHSC_00396
SAOUHSC_00397	SAOUHSC_00397
SAOUHSC_00398	SAOUHSC_00398
S123	S123
S124	S124
SAOUHSC_00399	SAOUHSC_00399
SAOUHSC_00400	SAOUHSC_00400
SAOUHSC_00401	SAOUHSC_00401
SAOUHSC_00402	SAOUHSC_00402
SAOUHSC_00404	SAOUHSC_00404
S125	S125
SAOUHSC_00405	SAOUHSC_00405
SAOUHSC_00406	SAOUHSC_00406
SAOUHSC_00407	SAOUHSC_00407
SAOUHSC_00408	SAOUHSC_00408
S126	S126
SAOUHSC_00409	SAOUHSC_00409
SAOUHSC_00410	SAOUHSC_00410
S127	S127
S128	S128
SAOUHSC_00411	SAOUHSC_00411
S129	S129
SAOUHSC_00411.1	psmα4
SAOUHSC_00411.2	psmα3
SAOUHSC_00411.3	psmα2
SAOUHSC_00411.4	psmα1
S131	S131
SAOUHSC_00412	SAOUHSC_00412
SAOUHSC_00413	SAOUHSC_00413
S132	S132
SAOUHSC_00414	SAOUHSC_00414
S133	S133
S134	S134
SAOUHSC_00415	SAOUHSC_00415
SAOUHSC_00416	SAOUHSC_00416
SAOUHSC_00417	SAOUHSC_00417
SAOUHSC_00418	SAOUHSC_00418
SAOUHSC_00420	SAOUHSC_00420
S135	S135
SAOUHSC_00421	SAOUHSC_00421
SAOUHSC_00422	SAOUHSC_00422
SAOUHSC_00423	SAOUHSC_00423
SAOUHSC_00424	SAOUHSC_00424
SAOUHSC_00426	SAOUHSC_00426
S136	S136
S137	S137
S138	S138
SAOUHSC_00427	SAOUHSC_00427
S139	S139
SAOUHSC_00428	SAOUHSC_00428
S140	S140
SAOUHSC_00429	SAOUHSC_00429
SAOUHSC_00430	SAOUHSC_00430
SAOUHSC_00431	SAOUHSC_00431
SAOUHSC_00433	SAOUHSC_00433
SAOUHSC_00434	SAOUHSC_00434
SAOUHSC_00435	SAOUHSC_00435
SAOUHSC_00436	gltD
S141	S141
SAOUHSC_T00048	SAOUHSC_T00048
SAOUHSC_00437	SAOUHSC_00437
SAOUHSC_00438	SAOUHSC_00438
SAOUHSC_00439	SAOUHSC_00439
S142	4.5S RNA
SAOUHSC_00440	SAOUHSC_00440
S143	S143
SAOUHSC_00441	SAOUHSC_00441
S144	S144
SAOUHSC_00442	SAOUHSC_00442
SAOUHSC_00444	SAOUHSC_00444
SAOUHSC_00445	recR
S145	S145
SAOUHSC_00446	SAOUHSC_00446
S146	S146
S147	S147
SAOUHSC_R0001	SAOUHSC_R0001
SAOUHSC_R0006	SAOUHSC_R0006
SAOUHSC_R00011	SAOUHSC_R00011
SAOUHSC_00450	SAOUHSC_00450
SAOUHSC_00451	tmk
SAOUHSC_00452	SAOUHSC_00452
S148	S148
SAOUHSC_00453	SAOUHSC_00453
SAOUHSC_00454	SAOUHSC_00454
SAOUHSC_00455	SAOUHSC_00455
SAOUHSC_00456	SAOUHSC_00456
S149	S149
SAOUHSC_00457	SAOUHSC_00457
SAOUHSC_00458	SAOUHSC_00458
SAOUHSC_00459	SAOUHSC_00459
S150	S150
SAOUHSC_00460	SAOUHSC_00460
SAOUHSC_00461	SAOUHSC_00461
SAOUHSC_00462	SAOUHSC_00462
S151	S151
SAOUHSC_00463	SAOUHSC_00463
SAOUHSC_00464	ksgA
S152	S152
SAOUHSC_00465	SAOUHSC_00465
S153	S153
SAOUHSC_00466	ipk
SAOUHSC_00467	SAOUHSC_00467
SAOUHSC_00468	SAOUHSC_00468
S154	S154
SAOUHSC_00469	SAOUHSC_00469
S155	S155
SAOUHSC_00470	SAOUHSC_00470
SAOUHSC_00471	glmU
S156	S156
SAOUHSC_00472	SAOUHSC_00472
S157	S157
SAOUHSC_00473	SAOUHSC_00473
SAOUHSC_00474	SAOUHSC_00474
S158	S158
SAOUHSC_00475	pth
SAOUHSC_00477	SAOUHSC_00477
SAOUHSC_00479	SAOUHSC_00479
SAOUHSC_00480	SAOUHSC_00480
SAOUHSC_00481	SAOUHSC_00481
SAOUHSC_00482	SAOUHSC_00482
SAOUHSC_00483	SAOUHSC_00483
S159	S159
SAOUHSC_00484	SAOUHSC_00484
SAOUHSC_00485	SAOUHSC_00485
S160	S160
S161	S161
SAOUHSC_00486	SAOUHSC_00486
S162	S162
SAOUHSC_00487	hslO
S163	S163
SAOUHSC_00488	SAOUHSC_00488
SAOUHSC_00489	SAOUHSC_00489
SAOUHSC_00490	SAOUHSC_00490
SAOUHSC_00491	SAOUHSC_00491
S164	S164
SAOUHSC_00492	SAOUHSC_00492
SAOUHSC_00493	lysS
S165	S165
S166	S166
S167	S167
SAOUHSC_R00016	SAOUHSC_R00016
SAOUHSC_T00059	SAOUHSC_T00059
SAOUHSC_T00053	SAOUHSC_T00053
SAOUHSC_T00035	SAOUHSC_T00035
SAOUHSC_T00021	SAOUHSC_T00021
SAOUHSC_T00030	SAOUHSC_T00030
SAOUHSC_T0004	SAOUHSC_T0004
SAOUHSC_T00044	SAOUHSC_T00044
SAOUHSC_T0001	SAOUHSC_T0001
SAOUHSC_R0002	SAOUHSC_R0002
SAOUHSC_R0007	SAOUHSC_R0007
SAOUHSC_R00012	SAOUHSC_R00012
SAOUHSC_00497	SAOUHSC_00497
SAOUHSC_00499	SAOUHSC_00499
SAOUHSC_00500	SAOUHSC_00500
SAOUHSC_00501	SAOUHSC_00501
S168	S168
SAOUHSC_00502	SAOUHSC_00502
S169	S169
SAOUHSC_00503	SAOUHSC_00503
SAOUHSC_00504	SAOUHSC_00504
SAOUHSC_00505	SAOUHSC_00505
SAOUHSC_00506	SAOUHSC_00506
S170	S170
S171	S171
S172	S172
SAOUHSC_00507	SAOUHSC_00507
SAOUHSC_00508	SAOUHSC_00508
S173	S173
S174	S174
SAOUHSC_00509	gltX
S175	S175
S176	S176
SAOUHSC_00510	SAOUHSC_00510
SAOUHSC_00511	cysS
SAOUHSC_00512	SAOUHSC_00512
SAOUHSC_00513	SAOUHSC_00513
SAOUHSC_00514	SAOUHSC_00514
S177	S177
SAOUHSC_00515	SAOUHSC_00515
S178	S178
S179	S179
SAOUHSC_00516	secE
SAOUHSC_00517	SAOUHSC_00517
S180	S180
SAOUHSC_00518	rplK
S181	S181
SAOUHSC_00519	rplA
S182	S182
S183	S183
SAOUHSC_00520	rplJ
SAOUHSC_00521	rplL
S184	S184
SAOUHSC_00523	SAOUHSC_00523
S185	S185
SAOUHSC_00524	rpoB
S186	S186
SAOUHSC_00525	SAOUHSC_00525
SAOUHSC_00526	SAOUHSC_00526
S187	S187
SAOUHSC_00527	rpsL
SAOUHSC_00528	SAOUHSC_00528
S188	S188
SAOUHSC_00529	SAOUHSC_00529
S189	S189
SAOUHSC_00530	SAOUHSC_00530
S190	S190
SAOUHSC_00531	SAOUHSC_00531
SAOUHSC_00532	SAOUHSC_00532
SAOUHSC_00533	SAOUHSC_00533
SAOUHSC_00534	SAOUHSC_00534
S191	S191
SAOUHSC_00535	SAOUHSC_00535
S192	S192
S193	S193
SAOUHSC_00536	SAOUHSC_00536
SAOUHSC_00537	SAOUHSC_00537
S194	S194
SAOUHSC_00538	SAOUHSC_00538
SAOUHSC_00539	SAOUHSC_00539
SAOUHSC_00540	SAOUHSC_00540
S195	S195
SAOUHSC_00541	SAOUHSC_00541
S196	S196
SAOUHSC_00542	SAOUHSC_00542
SAOUHSC_00543	SAOUHSC_00543
SAOUHSC_A00526	SAOUHSC_A00526
SAOUHSC_00544	SAOUHSC_00544
S197	S197
SAOUHSC_00545	SAOUHSC_00545
SAOUHSC_00547	SAOUHSC_00547
SAOUHSC_00548	SAOUHSC_00548
SAOUHSC_00549	SAOUHSC_00549
SAOUHSC_00550	SAOUHSC_00550
SAOUHSC_00551	SAOUHSC_00551
SAOUHSC_00552	SAOUHSC_00552
SAOUHSC_00553	SAOUHSC_00553
SAOUHSC_00554	SAOUHSC_00554
SAOUHSC_00555	SAOUHSC_00555
S198	S198
S199	S199
S200	S200
SAOUHSC_00556	SAOUHSC_00556
S201	RsaO1
SAOUHSC_00557	SAOUHSC_00557
SAOUHSC_00558	SAOUHSC_00558
S202	S202
SAOUHSC_00559	SAOUHSC_00559
SAOUHSC_00560	SAOUHSC_00560
S203	S203
SAOUHSC_00561	SAOUHSC_00561
S204	S204
S205	S205
SAOUHSC_00562	SAOUHSC_00562
SAOUHSC_00564	SAOUHSC_00564
SAOUHSC_00565	SAOUHSC_00565
S206	S206
SAOUHSC_00567	SAOUHSC_00567
S207	S207
SAOUHSC_00569	SAOUHSC_00569
S208	S208
SAOUHSC_00571	SAOUHSC_00571
SAOUHSC_00572	SAOUHSC_00572
S209	S209
S210	RsaA
S211	S211
SAOUHSC_00573	SAOUHSC_00573
SAOUHSC_00574	eutD
S212	S212
SAOUHSC_00575	SAOUHSC_00575
S213	S213
S214	S214
SAOUHSC_00577	SAOUHSC_00577
SAOUHSC_00578	SAOUHSC_00578
SAOUHSC_00579	SAOUHSC_00579
S215	S215
SAOUHSC_00580	SAOUHSC_00580
SAOUHSC_00581	SAOUHSC_00581
SAOUHSC_00582	SAOUHSC_00582
SAOUHSC_00583	SAOUHSC_00583
S216	S216
SAOUHSC_00584	SAOUHSC_00584
S217	S217
SAOUHSC_00585	SAOUHSC_00585
S218	S218
SAOUHSC_00586	SAOUHSC_00586
S219	S219
SAOUHSC_00587	SAOUHSC_00587
SAOUHSC_00588	SAOUHSC_00588
SAOUHSC_00589	SAOUHSC_00589
SAOUHSC_00591	SAOUHSC_00591
SAOUHSC_00592	SAOUHSC_00592
SAOUHSC_00593	SAOUHSC_00593
SAOUHSC_00596	SAOUHSC_00596
SAOUHSC_00598	SAOUHSC_00598
SAOUHSC_00599	SAOUHSC_00599
SAOUHSC_00600	SAOUHSC_00600
SAOUHSC_00602	SAOUHSC_00602
SAOUHSC_00603	SAOUHSC_00603
S220	S220
SAOUHSC_00604	SAOUHSC_00604
SAOUHSC_00605	SAOUHSC_00605
SAOUHSC_00606	SAOUHSC_00606
SAOUHSC_00607	SAOUHSC_00607
S221	S221
SAOUHSC_00608	SAOUHSC_00608
SAOUHSC_00609	SAOUHSC_00609
S222	S222
SAOUHSC_00610	SAOUHSC_00610
SAOUHSC_00611	argS
SAOUHSC_00612	SAOUHSC_00612
S223	S223
SAOUHSC_00613	SAOUHSC_00613
SAOUHSC_00614	SAOUHSC_00614
SAOUHSC_00615	SAOUHSC_00615
SAOUHSC_00616	SAOUHSC_00616
SAOUHSC_00617	SAOUHSC_00617
S224	S224
SAOUHSC_00618	SAOUHSC_00618
SAOUHSC_00619	SAOUHSC_00619
S225	S225
S226	S226
SAOUHSC_00620	SAOUHSC_00620
S227	S227
S228	S228
S229	S229
SAOUHSC_00621	SAOUHSC_00621
SAOUHSC_00622	SAOUHSC_00622
S230	S230
SAOUHSC_00624	SAOUHSC_00624
SAOUHSC_00625	SAOUHSC_00625
SAOUHSC_00626	SAOUHSC_00626
SAOUHSC_00627	SAOUHSC_00627
SAOUHSC_00628	SAOUHSC_00628
SAOUHSC_00629	SAOUHSC_00629
SAOUHSC_00630.1	mnhF2
SAOUHSC_00632	SAOUHSC_00632
S232	S232
SAOUHSC_00633	SAOUHSC_00633
S233	S233
S234	RsaC
SAOUHSC_00634	SAOUHSC_00634
SAOUHSC_00636	SAOUHSC_00636
SAOUHSC_00637	SAOUHSC_00637
SAOUHSC_00638	SAOUHSC_00638
S235	S235
SAOUHSC_00639	SAOUHSC_00639
SAOUHSC_00640	SAOUHSC_00640
SAOUHSC_00641	SAOUHSC_00641
S236	S236
S237	S237
S238	S238
SAOUHSC_00642	SAOUHSC_00642
SAOUHSC_00643	SAOUHSC_00643
SAOUHSC_00644	SAOUHSC_00644
SAOUHSC_00645	SAOUHSC_00645
SAOUHSC_00646	SAOUHSC_00646
S239	S239
S240	S240
SAOUHSC_00647	SAOUHSC_00647
S241	S241
S242	S242
SAOUHSC_00648	SAOUHSC_00648
S243	RsaD
SAOUHSC_00650	SAOUHSC_00650
SAOUHSC_00651	SAOUHSC_00651
S244	S244
SAOUHSC_00652	SAOUHSC_00652
SAOUHSC_00653	SAOUHSC_00653
SAOUHSC_00654	SAOUHSC_00654
SAOUHSC_00655	SAOUHSC_00655
SAOUHSC_00656	SAOUHSC_00656
SAOUHSC_00658	SAOUHSC_00658
SAOUHSC_00659	SAOUHSC_00659
S245	S245
SAOUHSC_00660	SAOUHSC_00660
S246	S246
SAOUHSC_00661	SAOUHSC_00661
S247	S247
SAOUHSC_A00635	SAOUHSC_A00635
S248	S248
SAOUHSC_00662	SAOUHSC_00662
S249	S249
S250	S250
SAOUHSC_00663	SAOUHSC_00663
S251	S251
SAOUHSC_00664	SAOUHSC_00664
SAOUHSC_00665	SAOUHSC_00665
SAOUHSC_00666	SAOUHSC_00666
S252	S252
SAOUHSC_00667	SAOUHSC_00667
SAOUHSC_00668	SAOUHSC_00668
S253	S253
SAOUHSC_00669	SAOUHSC_00669
SAOUHSC_00670	SAOUHSC_00670
S254	S254
SAOUHSC_00671	SAOUHSC_00671
S255	S255
S256	S256
SAOUHSC_00672	SAOUHSC_00672
S257	S257
SAOUHSC_00673	SAOUHSC_00673
S258	S258
SAOUHSC_00674	SAOUHSC_00674
SAOUHSC_00675	SAOUHSC_00675
SAOUHSC_00676	SAOUHSC_00676
SAOUHSC_00677	SAOUHSC_00677
S259	S259
SAOUHSC_00678	SAOUHSC_00678
S260	S260
SAOUHSC_00679	SAOUHSC_00679
SAOUHSC_00680	SAOUHSC_00680
SAOUHSC_00681	SAOUHSC_00681
SAOUHSC_00682	SAOUHSC_00682
SAOUHSC_00683	SAOUHSC_00683
S261	S261
SAOUHSC_00684	SAOUHSC_00684
SAOUHSC_00685	SAOUHSC_00685
S262	S262
SAOUHSC_00686	SAOUHSC_00686
S263	S263
SAOUHSC_00687	SAOUHSC_00687
SAOUHSC_00688	SAOUHSC_00688
SAOUHSC_00689	SAOUHSC_00689
SAOUHSC_00690	SAOUHSC_00690
SAOUHSC_00691	SAOUHSC_00691
SAOUHSC_00692	SAOUHSC_00692
SAOUHSC_00693	SAOUHSC_00693
S264	S264
S265	S265
SAOUHSC_00694	SAOUHSC_00694
S266	S266
SAOUHSC_00695	SAOUHSC_00695
S267	S267
SAOUHSC_00696	SAOUHSC_00696
SAOUHSC_00697	SAOUHSC_00697
SAOUHSC_00698	SAOUHSC_00698
S268	S268
SAOUHSC_00699	SAOUHSC_00699
S269	S269
SAOUHSC_00700	SAOUHSC_00700
SAOUHSC_00701	SAOUHSC_00701
S270	S270
SAOUHSC_00702	SAOUHSC_00702
S271	S271
SAOUHSC_00703	SAOUHSC_00703
S272	S272
SAOUHSC_00704	SAOUHSC_00704
SAOUHSC_00705	SAOUHSC_00705
SAOUHSC_00706	SAOUHSC_00706
SAOUHSC_00707	SAOUHSC_00707
SAOUHSC_00708	SAOUHSC_00708
S273	S273
SAOUHSC_00709	SAOUHSC_00709
SAOUHSC_00710	SAOUHSC_00710
S274	S274
S275	S275
SAOUHSC_00711	SAOUHSC_00711
SAOUHSC_00712	SAOUHSC_00712
S276	S276
SAOUHSC_00713	SAOUHSC_00713
SAOUHSC_00714	SAOUHSC_00714
SAOUHSC_00715	SAOUHSC_00715
SAOUHSC_00716	SAOUHSC_00716
S277	S277
S278	S278
SAOUHSC_00717	SAOUHSC_00717
SAOUHSC_00718	SAOUHSC_00718
SAOUHSC_00719	SAOUHSC_00719
SAOUHSC_00720	SAOUHSC_00720
SAOUHSC_00721	SAOUHSC_00721
S279	S279
SAOUHSC_00722	SAOUHSC_00722
SAOUHSC_00723	SAOUHSC_00723
SAOUHSC_00724	SAOUHSC_00724
SAOUHSC_00725	SAOUHSC_00725
S280	S280
SAOUHSC_00726	SAOUHSC_00726
SAOUHSC_00727	SAOUHSC_00727
S281	S281
S282	S282
SAOUHSC_00728	SAOUHSC_00728
SAOUHSC_A00703	SAOUHSC_A00703
SAOUHSC_00729	SAOUHSC_00729
SAOUHSC_00730	SAOUHSC_00730
SAOUHSC_00731	SAOUHSC_00731
SAOUHSC_00732	SAOUHSC_00732
SAOUHSC_00733	SAOUHSC_00733
S283	S283
SAOUHSC_00734	SAOUHSC_00734
S284	S284
SAOUHSC_00735	SAOUHSC_00735
S285	S285
S286	S286
S287	S287
SAOUHSC_00736	SAOUHSC_00736
SAOUHSC_00737	SAOUHSC_00737
SAOUHSC_00738	SAOUHSC_00738
S288	S288
SAOUHSC_00739	SAOUHSC_00739
SAOUHSC_00740	SAOUHSC_00740
S289	S289
S290	S290
S291	S291
S292	S292
SAOUHSC_00741	nrdI
SAOUHSC_00742	SAOUHSC_00742
S293	S293
SAOUHSC_00743	nrdF
SAOUHSC_00744	SAOUHSC_00744
SAOUHSC_00745	SAOUHSC_00745
SAOUHSC_00746	SAOUHSC_00746
SAOUHSC_00747	SAOUHSC_00747
SAOUHSC_00748	SAOUHSC_00748
S294	S294
SAOUHSC_00749	SAOUHSC_00749
S295	S295
SAOUHSC_00751	SAOUHSC_00751
SAOUHSC_00752	murB
S296	S296
SAOUHSC_00753	SAOUHSC_00753
SAOUHSC_00754	SAOUHSC_00754
S297	S297
SAOUHSC_00755	SAOUHSC_00755
S298	S298
S299	S299
SAOUHSC_00756	SAOUHSC_00756
S300	S300
SAOUHSC_00757	SAOUHSC_00757
SAOUHSC_00758	SAOUHSC_00758
SAOUHSC_00759	SAOUHSC_00759
SAOUHSC_00760	SAOUHSC_00760
S301	S301
SAOUHSC_00762	SAOUHSC_00762
SAOUHSC_00763	SAOUHSC_00763
SAOUHSC_00764	SAOUHSC_00764
SAOUHSC_00765	SAOUHSC_00765
SAOUHSC_00766	SAOUHSC_00766
SAOUHSC_00767	SAOUHSC_00767
S302	S302
S303	S303
SAOUHSC_00769	secA
SAOUHSC_00770	SAOUHSC_00770
S304	S304
SAOUHSC_00771	SAOUHSC_00771
SAOUHSC_00772	SAOUHSC_00772
SAOUHSC_00773	SAOUHSC_00773
SAOUHSC_00774	SAOUHSC_00774
SAOUHSC_00775	SAOUHSC_00775
S305	S305
S306	S306
SAOUHSC_00776	SAOUHSC_00776
S307	S307
SAOUHSC_00778	SAOUHSC_00778
S308	S308
SAOUHSC_A00747	SAOUHSC_A00747
SAOUHSC_00779	SAOUHSC_00779
SAOUHSC_00780	uvrA
SAOUHSC_00781	SAOUHSC_00781
SAOUHSC_00782	SAOUHSC_00782
SAOUHSC_00783	SAOUHSC_00783
SAOUHSC_00784	SAOUHSC_00784
SAOUHSC_00785	SAOUHSC_00785
S309	S309
SAOUHSC_00786	SAOUHSC_00786
S310	S310
SAOUHSC_00787	SAOUHSC_00787
SAOUHSC_00788	SAOUHSC_00788
S311	S311
SAOUHSC_00789	SAOUHSC_00789
S312	S312
SAOUHSC_T0005	SAOUHSC_T0005
S313	S313
SAOUHSC_00790	clpP
S314	S314
S315	S315
SAOUHSC_00792	SAOUHSC_00792
S316	S316
S317	RsaH
S318	S318
S319	S319
SAOUHSC_00793	SAOUHSC_00793
S320	S320
S321	S321
S322	S322
SAOUHSC_00794	SAOUHSC_00794
SAOUHSC_00795	SAOUHSC_00795
S323	S323
SAOUHSC_00796	pgk
S324	S324
SAOUHSC_00797	tpiA
SAOUHSC_00798	SAOUHSC_00798
S325	S325
SAOUHSC_00799	eno
S326	S326
S327	S327
SAOUHSC_00800	SAOUHSC_00800
SAOUHSC_00801	secG
S328	S328
SAOUHSC_00802	SAOUHSC_00802
SAOUHSC_00803	SAOUHSC_00803
SAOUHSC_00804	smpB
S329	tmRNA
SAOUHSC_00805	SAOUHSC_00805
SAOUHSC_00806	SAOUHSC_00806
SAOUHSC_00807	SAOUHSC_00807
S330	S330
SAOUHSC_00808	SAOUHSC_00808
S331	S331
SAOUHSC_00809	SAOUHSC_00809
SAOUHSC_00810	SAOUHSC_00810
S332	S332
SAOUHSC_00811	SAOUHSC_00811
S333	S333
SAOUHSC_00812	SAOUHSC_00812
SAOUHSC_00813	SAOUHSC_00813
SAOUHSC_00814	SAOUHSC_00814
S334	S334
SAOUHSC_00816	SAOUHSC_00816
S335	S335
SAOUHSC_00817	SAOUHSC_00817
S336	S336
SAOUHSC_00818	SAOUHSC_00818
S337	S337
SAOUHSC_00819	SAOUHSC_00819
S338	S338
S339	S339
SAOUHSC_00820	SAOUHSC_00820
SAOUHSC_00821	SAOUHSC_00821
SAOUHSC_00822	SAOUHSC_00822
S340	S340
SAOUHSC_00823	SAOUHSC_00823
SAOUHSC_00824	SAOUHSC_00824
S341	S341
S342	S342
SAOUHSC_00825	SAOUHSC_00825
SAOUHSC_00826	SAOUHSC_00826
S343	S343
S344	S344
SAOUHSC_00827	SAOUHSC_00827
SAOUHSC_00828	SAOUHSC_00828
SAOUHSC_00830	SAOUHSC_00830
S345	S345
SAOUHSC_00831	SAOUHSC_00831
SAOUHSC_00832	SAOUHSC_00832
SAOUHSC_00833	SAOUHSC_00833
SAOUHSC_00834	SAOUHSC_00834
SAOUHSC_00835	SAOUHSC_00835
S346	S346
SAOUHSC_00836	SAOUHSC_00836
SAOUHSC_00837	SAOUHSC_00837
SAOUHSC_00838	SAOUHSC_00838
S347	S347
SAOUHSC_00839	SAOUHSC_00839
S348	S348
SAOUHSC_00840	SAOUHSC_00840
SAOUHSC_00841	SAOUHSC_00841
S349	S349
SAOUHSC_00842	SAOUHSC_00842
SAOUHSC_00843	SAOUHSC_00843
SAOUHSC_00844	SAOUHSC_00844
S350	S350
SAOUHSC_00845	SAOUHSC_00845
S351	S351
SAOUHSC_00846	SAOUHSC_00846
S352	S352
S353	S353
SAOUHSC_00847	SAOUHSC_00847
S354	S354
SAOUHSC_00848	SAOUHSC_00848
S355	S355
SAOUHSC_00849	SAOUHSC_00849
SAOUHSC_00850	SAOUHSC_00850
S356	S356
SAOUHSC_00851	SAOUHSC_00851
S357	S357
SAOUHSC_00852	SAOUHSC_00852
SAOUHSC_00853	SAOUHSC_00853
SAOUHSC_00854	SAOUHSC_00854
SAOUHSC_00855	SAOUHSC_00855
SAOUHSC_00857	SAOUHSC_00857
SAOUHSC_00858	SAOUHSC_00858
SAOUHSC_00859	SAOUHSC_00859
SAOUHSC_00860	SAOUHSC_00860
SAOUHSC_00861	SAOUHSC_00861
S358	S358
SAOUHSC_00862	SAOUHSC_00862
SAOUHSC_00863	SAOUHSC_00863
SAOUHSC_00864	SAOUHSC_00864
SAOUHSC_00865	SAOUHSC_00865
S359	S359
SAOUHSC_00866	SAOUHSC_00866
S360	S360
SAOUHSC_00867	SAOUHSC_00867
SAOUHSC_00868	SAOUHSC_00868
SAOUHSC_00869	SAOUHSC_00869
SAOUHSC_00870	SAOUHSC_00870
SAOUHSC_00871	SAOUHSC_00871
SAOUHSC_00872	SAOUHSC_00872
SAOUHSC_00873	SAOUHSC_00873
SAOUHSC_00874	SAOUHSC_00874
SAOUHSC_00875	SAOUHSC_00875
S361	S361
SAOUHSC_00876	SAOUHSC_00876
SAOUHSC_00877	SAOUHSC_00877
S362	S362
S363	S363
SAOUHSC_00878	SAOUHSC_00878
SAOUHSC_00879	SAOUHSC_00879
SAOUHSC_00880	SAOUHSC_00880
SAOUHSC_00881	SAOUHSC_00881
SAOUHSC_00882	SAOUHSC_00882
SAOUHSC_00883	SAOUHSC_00883
SAOUHSC_00884	SAOUHSC_00884
SAOUHSC_00885	SAOUHSC_00885
SAOUHSC_00886	SAOUHSC_00886
SAOUHSC_00887	SAOUHSC_00887
SAOUHSC_00888	SAOUHSC_00888
SAOUHSC_00889	SAOUHSC_00889
S364	S364
SAOUHSC_00890	SAOUHSC_00890
SAOUHSC_00891	SAOUHSC_00891
S365	S365
S366	S366
SAOUHSC_00892	SAOUHSC_00892
S367	S367
SAOUHSC_00893	SAOUHSC_00893
S368	S368
SAOUHSC_00894	rocD
S369	S369
SAOUHSC_00895	SAOUHSC_00895
SAOUHSC_00896	SAOUHSC_00896
SAOUHSC_00897	SAOUHSC_00897
SAOUHSC_00898	SAOUHSC_00898
SAOUHSC_00899	SAOUHSC_00899
SAOUHSC_00900	pgi
S370	S370
S371	S371
SAOUHSC_00901	SAOUHSC_00901
SAOUHSC_00902	SAOUHSC_00902
S372	S372
SAOUHSC_00903	SAOUHSC_00903
SAOUHSC_00904	SAOUHSC_00904
SAOUHSC_00905	SAOUHSC_00905
S373	S373
SAOUHSC_00906	SAOUHSC_00906
S374	S374
SAOUHSC_00907	SAOUHSC_00907
SAOUHSC_00908	SAOUHSC_00908
SAOUHSC_00909	SAOUHSC_00909
S375	S375
S376	S376
SAOUHSC_00910	SAOUHSC_00910
S377	S377
SAOUHSC_00911	SAOUHSC_00911
S378	S378
S379	S379
SAOUHSC_00912	SAOUHSC_00912
S380	S380
SAOUHSC_00913	SAOUHSC_00913
SAOUHSC_00914	SAOUHSC_00914
SAOUHSC_00915	SAOUHSC_00915
SAOUHSC_00916	SAOUHSC_00916
SAOUHSC_00917	SAOUHSC_00917
S381	S381
SAOUHSC_00918	SAOUHSC_00918
SAOUHSC_00919	SAOUHSC_00919
SAOUHSC_00920	SAOUHSC_00920
SAOUHSC_00921	SAOUHSC_00921
SAOUHSC_00922	SAOUHSC_00922
S382	S382
SAOUHSC_00923	SAOUHSC_00923
SAOUHSC_00924	SAOUHSC_00924
SAOUHSC_00925	SAOUHSC_00925
SAOUHSC_00926	SAOUHSC_00926
SAOUHSC_00927	SAOUHSC_00927
SAOUHSC_00928	SAOUHSC_00928
SAOUHSC_00929	SAOUHSC_00929
SAOUHSC_00930	SAOUHSC_00930
SAOUHSC_00931	SAOUHSC_00931
SAOUHSC_00932	SAOUHSC_00932
SAOUHSC_00933	SAOUHSC_00933
S383	S383
S384	S384
SAOUHSC_00934	spxA
S385	S385
S386	S386
S387	S387
SAOUHSC_00935	SAOUHSC_00935
SAOUHSC_00936	SAOUHSC_00936
SAOUHSC_00937	SAOUHSC_00937
S388	S388
S389	RsaE
S390	S390
SAOUHSC_00938	SAOUHSC_00938
SAOUHSC_00939	SAOUHSC_00939
S391	S391
SAOUHSC_00940	SAOUHSC_00940
SAOUHSC_00941	SAOUHSC_00941
SAOUHSC_00942	SAOUHSC_00942
SAOUHSC_00943	ppnK
SAOUHSC_00944	SAOUHSC_00944
SAOUHSC_00945	SAOUHSC_00945
SAOUHSC_00946	SAOUHSC_00946
S392	S392
S393	S393
SAOUHSC_00947	SAOUHSC_00947
SAOUHSC_00948	SAOUHSC_00948
SAOUHSC_00949	SAOUHSC_00949
S394	S394
SAOUHSC_00950	SAOUHSC_00950
SAOUHSC_00951	SAOUHSC_00951
S395	S395
SAOUHSC_00952	SAOUHSC_00952
SAOUHSC_00953	SAOUHSC_00953
S396	S396
S397	S397
SAOUHSC_00954	SAOUHSC_00954
SAOUHSC_00955	SAOUHSC_00955
SAOUHSC_00956	prfC
S398	S398
S399	S399
SAOUHSC_00957	SAOUHSC_00957
SAOUHSC_00958	SAOUHSC_00958
SAOUHSC_00959	SAOUHSC_00959
SAOUHSC_00960	SAOUHSC_00960
SAOUHSC_T00049	SAOUHSC_T00049
SAOUHSC_T0008	SAOUHSC_T0008
SAOUHSC_00961	SAOUHSC_00961
S400	S400
SAOUHSC_00962	SAOUHSC_00962
SAOUHSC_00963	SAOUHSC_00963
SAOUHSC_00964	SAOUHSC_00964
SAOUHSC_00965	SAOUHSC_00965
S401	S401
S402	S402
SAOUHSC_00966	SAOUHSC_00966
SAOUHSC_00967	SAOUHSC_00967
S403	S403
SAOUHSC_00968	SAOUHSC_00968
SAOUHSC_00969	SAOUHSC_00969
SAOUHSC_00970	SAOUHSC_00970
SAOUHSC_00971	SAOUHSC_00971
SAOUHSC_00972	SAOUHSC_00972
SAOUHSC_00973	SAOUHSC_00973
SAOUHSC_00975	SAOUHSC_00975
SAOUHSC_00976	SAOUHSC_00976
SAOUHSC_00977	SAOUHSC_00977
SAOUHSC_00978	SAOUHSC_00978
SAOUHSC_00979	SAOUHSC_00979
SAOUHSC_00980	SAOUHSC_00980
S404	S404
SAOUHSC_00981	SAOUHSC_00981
S405	S405
SAOUHSC_00982	SAOUHSC_00982
SAOUHSC_00983	SAOUHSC_00983
SAOUHSC_00984	SAOUHSC_00984
SAOUHSC_00985	SAOUHSC_00985
SAOUHSC_00986	SAOUHSC_00986
SAOUHSC_00987	SAOUHSC_00987
SAOUHSC_00988	SAOUHSC_00988
SAOUHSC_00989	SAOUHSC_00989
SAOUHSC_00991	SAOUHSC_00991
SAOUHSC_00992	SAOUHSC_00992
SAOUHSC_00993	SAOUHSC_00993
SAOUHSC_00994	SAOUHSC_00994
S406	S406
SAOUHSC_00995	SAOUHSC_00995
SAOUHSC_00996	SAOUHSC_00996
SAOUHSC_00997	SAOUHSC_00997
S407	S407
S408	S408
SAOUHSC_00998	SAOUHSC_00998
SAOUHSC_00999	SAOUHSC_00999
SAOUHSC_01000	SAOUHSC_01000
SAOUHSC_01001	SAOUHSC_01001
SAOUHSC_01002	SAOUHSC_01002
SAOUHSC_01003	SAOUHSC_01003
SAOUHSC_01005	SAOUHSC_01005
S409	S409
S410	S410
S411	S411
SAOUHSC_01007	SAOUHSC_01007
S412	S412
S413	S413
SAOUHSC_01008	SAOUHSC_01008
SAOUHSC_01009	SAOUHSC_01009
SAOUHSC_01010	SAOUHSC_01010
SAOUHSC_01011	SAOUHSC_01011
SAOUHSC_01012	SAOUHSC_01012
SAOUHSC_01013	SAOUHSC_01013
SAOUHSC_01014	SAOUHSC_01014
SAOUHSC_01015	SAOUHSC_01015
SAOUHSC_01016	SAOUHSC_01016
SAOUHSC_01017	purH
SAOUHSC_01018	SAOUHSC_01018
S414	S414
S415	S415
SAOUHSC_01019	SAOUHSC_01019
SAOUHSC_01021	SAOUHSC_01021
SAOUHSC_01022	SAOUHSC_01022
S416	S416
SAOUHSC_01023	SAOUHSC_01023
SAOUHSC_01024	SAOUHSC_01024
S417	S417
SAOUHSC_01025	SAOUHSC_01025
S418	S418
SAOUHSC_01026	SAOUHSC_01026
SAOUHSC_01027	SAOUHSC_01027
S419	S419
SAOUHSC_01028	SAOUHSC_01028
SAOUHSC_01029	SAOUHSC_01029
S420	S420
SAOUHSC_01030	SAOUHSC_01030
SAOUHSC_01031	SAOUHSC_01031
SAOUHSC_01032	SAOUHSC_01032
S421	S421
SAOUHSC_01034	SAOUHSC_01034
SAOUHSC_A00992	SAOUHSC_A00992
S422	S422
SAOUHSC_01035	SAOUHSC_01035
SAOUHSC_01036	SAOUHSC_01036
SAOUHSC_01037	SAOUHSC_01037
SAOUHSC_01038	def
S423	S423
S424	S424
SAOUHSC_01039	SAOUHSC_01039
S425	S425
SAOUHSC_01040	SAOUHSC_01040
SAOUHSC_01041	SAOUHSC_01041
S426	S426
SAOUHSC_01042	SAOUHSC_01042
SAOUHSC_01043	SAOUHSC_01043
S427	S427
SAOUHSC_01044	SAOUHSC_01044
S428	S428
SAOUHSC_01045	SAOUHSC_01045
SAOUHSC_01046	SAOUHSC_01046
SAOUHSC_01047	SAOUHSC_01047
SAOUHSC_01048	SAOUHSC_01048
SAOUHSC_01049	SAOUHSC_01049
SAOUHSC_01050	SAOUHSC_01050
S429	S429
SAOUHSC_01051	SAOUHSC_01051
S430	S430
SAOUHSC_01053	SAOUHSC_01053
SAOUHSC_01054	SAOUHSC_01054
SAOUHSC_01055	SAOUHSC_01055
SAOUHSC_01055a	SAOUHSC_01055a
SAOUHSC_01058	SAOUHSC_01058
S432	S432
SAOUHSC_01060	SAOUHSC_01060
SAOUHSC_01061	SAOUHSC_01061
SAOUHSC_01062	SAOUHSC_01062
S433	S433
S434	S434
SAOUHSC_01063	SAOUHSC_01063
S435	S435
S436	S436
SAOUHSC_01064	SAOUHSC_01064
SAOUHSC_01065	SAOUHSC_01065
S437	S437
S438	S438
SAOUHSC_01066	SAOUHSC_01066
SAOUHSC_01067	SAOUHSC_01067
S439	S439
SAOUHSC_01068	SAOUHSC_01068
SAOUHSC_01069	SAOUHSC_01069
SAOUHSC_01070	SAOUHSC_01070
SAOUHSC_01071	SAOUHSC_01071
S441	S441
SAOUHSC_01072	SAOUHSC_01072
S442	S442
SAOUHSC_01073	SAOUHSC_01073
SAOUHSC_01074	SAOUHSC_01074
SAOUHSC_01075	coaD
S443	S443
SAOUHSC_01076	SAOUHSC_01076
SAOUHSC_01077	SAOUHSC_01077
SAOUHSC_A01041	SAOUHSC_A01041
S444	S444
SAOUHSC_01078	SAOUHSC_01078
SAOUHSC_01079	SAOUHSC_01079
SAOUHSC_01081	SAOUHSC_01081
S446	S446
SAOUHSC_01082	SAOUHSC_01082
SAOUHSC_01084	SAOUHSC_01084
SAOUHSC_01085	SAOUHSC_01085
SAOUHSC_01086	SAOUHSC_01086
SAOUHSC_01087	SAOUHSC_01087
S447	S447
SAOUHSC_01088	SAOUHSC_01088
SAOUHSC_01089	SAOUHSC_01089
SAOUHSC_01090	SAOUHSC_01090
S448	S448
S449	S449
SAOUHSC_01091	SAOUHSC_01091
S450	S450
S451	S451
SAOUHSC_01092	pheS
SAOUHSC_01093	pheT
SAOUHSC_01095	SAOUHSC_01095
S452	S452
SAOUHSC_01096	SAOUHSC_01096
SAOUHSC_01097	SAOUHSC_01097
SAOUHSC_01098	SAOUHSC_01098
SAOUHSC_01099	SAOUHSC_01099
S453	S453
SAOUHSC_01100	SAOUHSC_01100
S454	S454
SAOUHSC_01101	SAOUHSC_01101
SAOUHSC_01102	uvrC
S455	S455
SAOUHSC_01103	SAOUHSC_01103
SAOUHSC_01104	sdhA
SAOUHSC_01105	sdhB
S456	S456
SAOUHSC_01106	SAOUHSC_01106
SAOUHSC_01107	SAOUHSC_01107
SAOUHSC_01108	SAOUHSC_01108
SAOUHSC_01109	SAOUHSC_01109
SAOUHSC_01110	SAOUHSC_01110
S457	S457
SAOUHSC_01111	SAOUHSC_01111
SAOUHSC_01112	SAOUHSC_01112
S458	S458
SAOUHSC_01113	SAOUHSC_01113
SAOUHSC_01114	SAOUHSC_01114
S459	S459
SAOUHSC_01115	SAOUHSC_01115
S460	S460
SAOUHSC_01118	SAOUHSC_01118
SAOUHSC_A01079	SAOUHSC_A01079
SAOUHSC_01119	SAOUHSC_01119
S461	S461
SAOUHSC_A01081	SAOUHSC_A01081
S462	S462
SAOUHSC_01120	SAOUHSC_01120
S463	S463
SAOUHSC_01121	SAOUHSC_01121
S464	S464
S465	S465
SAOUHSC_01122	SAOUHSC_01122
SAOUHSC_01123	SAOUHSC_01123
SAOUHSC_01124	SAOUHSC_01124
SAOUHSC_01125	SAOUHSC_01125
SAOUHSC_01127	SAOUHSC_01127
SAOUHSC_01128	SAOUHSC_01128
SAOUHSC_01129	SAOUHSC_01129
SAOUHSC_01130	SAOUHSC_01130
S466	S466
SAOUHSC_01131	SAOUHSC_01131
S467	S467
S468	S468
SAOUHSC_01133	SAOUHSC_01133
SAOUHSC_01134	SAOUHSC_01134
S469	S469
SAOUHSC_T0006	SAOUHSC_T0006
S470	S470
SAOUHSC_01135	SAOUHSC_01135
SAOUHSC_01136	SAOUHSC_01136
SAOUHSC_01137	SAOUHSC_01137
SAOUHSC_01138	SAOUHSC_01138
SAOUHSC_01139/SAOUHSC_01141	bshC
SAOUHSC_01142	SAOUHSC_01142
SAOUHSC_01143	mraW
SAOUHSC_01144	SAOUHSC_01144
SAOUHSC_01145	SAOUHSC_01145
S472	S472
SAOUHSC_01146	mraY
SAOUHSC_01147	murD
SAOUHSC_01148	SAOUHSC_01148
SAOUHSC_01149	SAOUHSC_01149
SAOUHSC_01150	SAOUHSC_01150
S473	S473
S474	S474
SAOUHSC_01152	SAOUHSC_01152
SAOUHSC_01153	SAOUHSC_01153
SAOUHSC_01154	SAOUHSC_01154
SAOUHSC_01155	SAOUHSC_01155
S475	S475
SAOUHSC_01156	SAOUHSC_01156
SAOUHSC_01158	SAOUHSC_01158
S476	S476
S477	S477
SAOUHSC_01159	ileS
S478	S478
SAOUHSC_01160	SAOUHSC_01160
S479	S479
SAOUHSC_01161	SAOUHSC_01161
SAOUHSC_01162	lspA
SAOUHSC_01163	SAOUHSC_01163
S480	S480
S481	S481
SAOUHSC_01164	SAOUHSC_01164
S482	S482
SAOUHSC_01165	SAOUHSC_01165
SAOUHSC_01166	pyrB
SAOUHSC_01168	pyrC
SAOUHSC_01169	SAOUHSC_01169
SAOUHSC_01170	carB
S483	S483
SAOUHSC_01171	SAOUHSC_01171
SAOUHSC_01172	pyrE
SAOUHSC_01173	SAOUHSC_01173
S484	S484
SAOUHSC_01174	SAOUHSC_01174
S485	S485
SAOUHSC_01175	SAOUHSC_01175
SAOUHSC_01176	gmk
SAOUHSC_01177	rpoZ
S486	S486
S487	S487
SAOUHSC_01178	SAOUHSC_01178
SAOUHSC_01179	SAOUHSC_01179
SAOUHSC_01180	SAOUHSC_01180
S488	S488
SAOUHSC_01181	SAOUHSC_01181
SAOUHSC_01182	SAOUHSC_01182
SAOUHSC_01183	SAOUHSC_01183
SAOUHSC_01184	SAOUHSC_01184
SAOUHSC_01185	SAOUHSC_01185
SAOUHSC_01186	SAOUHSC_01186
SAOUHSC_01187	SAOUHSC_01187
SAOUHSC_01188	SAOUHSC_01188
SAOUHSC_01189	SAOUHSC_01189
SAOUHSC_01190	SAOUHSC_01190
S490	S490
S491	S491
SAOUHSC_01191	rpmB
S492	S492
SAOUHSC_01192	SAOUHSC_01192
SAOUHSC_01193	SAOUHSC_01193
SAOUHSC_01194	SAOUHSC_01194
S493	S493
SAOUHSC_01196	SAOUHSC_01196
SAOUHSC_01197	SAOUHSC_01197
SAOUHSC_01198	SAOUHSC_01198
SAOUHSC_01199	SAOUHSC_01199
S494	S494
SAOUHSC_01200	SAOUHSC_01200
S495	S495
SAOUHSC_01201	acpP
S496	S496
SAOUHSC_01203	rnc
S497	S497
SAOUHSC_01204	SAOUHSC_01204
SAOUHSC_01205	SAOUHSC_01205
SAOUHSC_01206	SAOUHSC_01206
SAOUHSC_01207	SAOUHSC_01207
S498	S498
SAOUHSC_01208	rpsP
S499	S499
SAOUHSC_01209	rimM
SAOUHSC_01210	trmD
S500	S500
SAOUHSC_01211	rplS
S501	S501
SAOUHSC_01212	SAOUHSC_01212
SAOUHSC_01213	SAOUHSC_01213
S502	S502
SAOUHSC_01214	rbgA
SAOUHSC_01215	rnhB
SAOUHSC_01216	sucC
SAOUHSC_01218	SAOUHSC_01218
SAOUHSC_01219	SAOUHSC_01219
SAOUHSC_01220	SAOUHSC_01220
SAOUHSC_01221	SAOUHSC_01221
S503	S503
SAOUHSC_01222	SAOUHSC_01222
S504	S504
SAOUHSC_01223	SAOUHSC_01223
S505	S505
SAOUHSC_01224	SAOUHSC_01224
SAOUHSC_01225	SAOUHSC_01225
SAOUHSC_01226	hslU
SAOUHSC_01228	SAOUHSC_01228
S506	S506
SAOUHSC_01230	SAOUHSC_01230
S507	S507
S508	S508
SAOUHSC_01232	rpsB
SAOUHSC_01233	SAOUHSC_01233
SAOUHSC_01234	tsf
S509	S509
SAOUHSC_01235	pyrH
SAOUHSC_01236	frr
S510	S510
S511	S511
SAOUHSC_01237	SAOUHSC_01237
SAOUHSC_01238	SAOUHSC_01238
S512	S512
SAOUHSC_01239	SAOUHSC_01239
SAOUHSC_01240	SAOUHSC_01240
S513	S513
SAOUHSC_01241	polC
S514	S514
S515	S515
SAOUHSC_01242	SAOUHSC_01242
SAOUHSC_01243	nusA
SAOUHSC_01244	SAOUHSC_01244
SAOUHSC_01245	SAOUHSC_01245
SAOUHSC_01246	infB
S516	S516
S517	S517
SAOUHSC_01247	rbfA
S518	S518
SAOUHSC_01248	SAOUHSC_01248
SAOUHSC_01249	SAOUHSC_01249
S519	S519
SAOUHSC_01250	rpsO
S520	S520
SAOUHSC_01251	SAOUHSC_01251
S521	S521
SAOUHSC_01252	SAOUHSC_01252
S522	S522
SAOUHSC_01253	SAOUHSC_01253
SAOUHSC_01254	SAOUHSC_01254
SAOUHSC_01255	SAOUHSC_01255
SAOUHSC_01256	SAOUHSC_01256
SAOUHSC_01257	SAOUHSC_01257
S523	S523
SAOUHSC_01258	SAOUHSC_01258
SAOUHSC_01259	SAOUHSC_01259
SAOUHSC_01260	SAOUHSC_01260
S524	S524
SAOUHSC_01261	SAOUHSC_01261
S525	S525
S526	S526
SAOUHSC_01262	recA
S527	S527
S528	S528
SAOUHSC_01263	SAOUHSC_01263
SAOUHSC_01264	SAOUHSC_01264
SAOUHSC_01265	SAOUHSC_01265
SAOUHSC_01266	SAOUHSC_01266
SAOUHSC_01267	SAOUHSC_01267
S529	S529
SAOUHSC_01268	SAOUHSC_01268
S530	S530
SAOUHSC_01269	SAOUHSC_01269
SAOUHSC_01270	SAOUHSC_01270
SAOUHSC_01271	SAOUHSC_01271
S531	S531
SAOUHSC_01272	SAOUHSC_01272
SAOUHSC_01273	mutL
SAOUHSC_01274	SAOUHSC_01274
S532	S532
S533	S533
SAOUHSC_01275	SAOUHSC_01275
S534	S534
SAOUHSC_01276	glpK
S535	S535
SAOUHSC_01278	SAOUHSC_01278
SAOUHSC_01279	SAOUHSC_01279
SAOUHSC_01280	miaA
SAOUHSC_01281	SAOUHSC_01281
S536	S536
SAOUHSC_01282	SAOUHSC_01282
SAOUHSC_01283	SAOUHSC_01283
SAOUHSC_01284	SAOUHSC_01284
SAOUHSC_01285	SAOUHSC_01285
SAOUHSC_01287	SAOUHSC_01287
S537	S537
SAOUHSC_01288	SAOUHSC_01288
S538	S538
SAOUHSC_01289	SAOUHSC_01289
SAOUHSC_01290	SAOUHSC_01290
S539	S539
SAOUHSC_01291	SAOUHSC_01291
SAOUHSC_01292	SAOUHSC_01292
S540	S540
SAOUHSC_01293	SAOUHSC_01293
SAOUHSC_01294	SAOUHSC_01294
SAOUHSC_01295	SAOUHSC_01295
SAOUHSC_01296	SAOUHSC_01296
S541	S541
SAOUHSC_01297	SAOUHSC_01297
SAOUHSC_01298	SAOUHSC_01298
SAOUHSC_01299	SAOUHSC_01299
SAOUHSC_01300	SAOUHSC_01300
SAOUHSC_01301	SAOUHSC_01301
S542	S542
SAOUHSC_01303	SAOUHSC_01303
SAOUHSC_01304	SAOUHSC_01304
SAOUHSC_01305	SAOUHSC_01305
SAOUHSC_01306	SAOUHSC_01306
SAOUHSC_01307	SAOUHSC_01307
SAOUHSC_1307a	SAOUHSC_1307a
SAOUHSC_01310	SAOUHSC_01310
SAOUHSC_01311	SAOUHSC_01311
SAOUHSC_01312	SAOUHSC_01312
SAOUHSC_01313	SAOUHSC_01313
SAOUHSC_01314	SAOUHSC_01314
SAOUHSC_01315	SAOUHSC_01315
SAOUHSC_01316	SAOUHSC_01316
SAOUHSC_01317	SAOUHSC_01317
S545	S545
S546	S546
S547	S547
SAOUHSC_01318	SAOUHSC_01318
SAOUHSC_01319	SAOUHSC_01319
S548	S548
S549	S549
SAOUHSC_01320	SAOUHSC_01320
SAOUHSC_01321	SAOUHSC_01321
SAOUHSC_01322	SAOUHSC_01322
SAOUHSC_01323	SAOUHSC_01323
SAOUHSC_01324	SAOUHSC_01324
SAOUHSC_01325	SAOUHSC_01325
SAOUHSC_01326	SAOUHSC_01326
S550	S550
SAOUHSC_01327	SAOUHSC_01327
S551	S551
SAOUHSC_01328	rpmG
S552	S552
SAOUHSC_01329	rpsN
S553	S553
SAOUHSC_01330	SAOUHSC_01330
SAOUHSC_01331	SAOUHSC_01331
S554	S554
S555	S555
SAOUHSC_01332	SAOUHSC_01332
S556	S556
SAOUHSC_01333	SAOUHSC_01333
SAOUHSC_01334	SAOUHSC_01334
S557	S557
SAOUHSC_01336	SAOUHSC_01336
S558	S558
SAOUHSC_01337	SAOUHSC_01337
S559	S559
SAOUHSC_01338	SAOUHSC_01338
SAOUHSC_01339	SAOUHSC_01339
S560	S560
SAOUHSC_01340	SAOUHSC_01340
SAOUHSC_01341	SAOUHSC_01341
SAOUHSC_01343	SAOUHSC_01343
SAOUHSC_1342a	SAOUHSC_1342a
S562	S562
SAOUHSC_01346	SAOUHSC_01346
SAOUHSC_01347	SAOUHSC_01347
S563	S563
SAOUHSC_01348	SAOUHSC_01348
S564	S564
SAOUHSC_01349	SAOUHSC_01349
S565	S565
S566	S566
SAOUHSC_01350	SAOUHSC_01350
S567	S567
SAOUHSC_01351	SAOUHSC_01351
SAOUHSC_01352	SAOUHSC_01352
S568	S568
SAOUHSC_01353	SAOUHSC_01353
SAOUHSC_01354	SAOUHSC_01354
S569	S569
SAOUHSC_01356	SAOUHSC_01356
SAOUHSC_01357	SAOUHSC_01357
SAOUHSC_01358	SAOUHSC_01358
S570	S570
SAOUHSC_01359	SAOUHSC_01359
S571	S571
SAOUHSC_01360	SAOUHSC_01360
S572	S572
S573	S573
SAOUHSC_01361	SAOUHSC_01361
S574	S574
SAOUHSC_01362	SAOUHSC_01362
SAOUHSC_01363	SAOUHSC_01363
S575	S575
SAOUHSC_01364	SAOUHSC_01364
SAOUHSC_01365	SAOUHSC_01365
S576	S576
S577	S577
SAOUHSC_01366	SAOUHSC_01366
SAOUHSC_01367	SAOUHSC_01367
SAOUHSC_01368	trpD
SAOUHSC_01369	trpC
SAOUHSC_01370	SAOUHSC_01370
SAOUHSC_01371	SAOUHSC_01371
SAOUHSC_01372	trpA
S578	S578
S579	S579
SAOUHSC_01373	SAOUHSC_01373
SAOUHSC_01374	SAOUHSC_01374
SAOUHSC_01375	SAOUHSC_01375
SAOUHSC_01376	SAOUHSC_01376
S580	S580
SAOUHSC_01377	SAOUHSC_01377
SAOUHSC_01378	SAOUHSC_01378
SAOUHSC_01379	SAOUHSC_01379
SAOUHSC_01380	SAOUHSC_01380
SAOUHSC_01381	SAOUHSC_01381
SAOUHSC_01382	SAOUHSC_01382
S581	S581
SAOUHSC_01383	SAOUHSC_01383
S582	S582
SAOUHSC_01384	SAOUHSC_01384
SAOUHSC_01385	SAOUHSC_01385
SAOUHSC_01386	SAOUHSC_01386
SAOUHSC_01387	SAOUHSC_01387
SAOUHSC_01388	SAOUHSC_01388
SAOUHSC_01389	SAOUHSC_01389
SAOUHSC_A01332	SAOUHSC_A01332
SAOUHSC_01390	SAOUHSC_01390
SAOUHSC_01391	SAOUHSC_01391
SAOUHSC_01392	SAOUHSC_01392
S583	S583
S584	S584
SAOUHSC_01394	SAOUHSC_01394
SAOUHSC_01395	SAOUHSC_01395
SAOUHSC_01396	SAOUHSC_01396
SAOUHSC_01397	SAOUHSC_01397
SAOUHSC_01398	SAOUHSC_01398
S585	S585
SAOUHSC_01399	SAOUHSC_01399
SAOUHSC_01400	SAOUHSC_01400
SAOUHSC_01401	SAOUHSC_01401
S586	S586
SAOUHSC_01402	SAOUHSC_01402
S587	S587
SAOUHSC_01403	SAOUHSC_01403
S588	S588
SAOUHSC_01404	SAOUHSC_01404
SAOUHSC_01405	SAOUHSC_01405
SAOUHSC_01406	SAOUHSC_01406
SAOUHSC_01407	SAOUHSC_01407
SAOUHSC_01408	SAOUHSC_01408
S589	S589
SAOUHSC_01409	SAOUHSC_01409
SAOUHSC_01411	SAOUHSC_01411
S590	S590
SAOUHSC_01412	SAOUHSC_01412
SAOUHSC_01413	SAOUHSC_01413
S591	S591
SAOUHSC_01414	SAOUHSC_01414
SAOUHSC_01415	SAOUHSC_01415
S592	S592
S593	S593
SAOUHSC_01416	SAOUHSC_01416
SAOUHSC_01418	sucA
S594	S594
SAOUHSC_01419	SAOUHSC_01419
SAOUHSC_01420	SAOUHSC_01420
S595	S595
SAOUHSC_01421	SAOUHSC_01421
SAOUHSC_01422	SAOUHSC_01422
S596	S596
S597	S597
SAOUHSC_01423	SAOUHSC_01423
SAOUHSC_01424	murG
SAOUHSC_01425	SAOUHSC_01425
S598	S598
SAOUHSC_01427	SAOUHSC_01427
SAOUHSC_01428	SAOUHSC_01428
S599	S599
SAOUHSC_01429	SAOUHSC_01429
SAOUHSC_01430	SAOUHSC_01430
SAOUHSC_01431	SAOUHSC_01431
SAOUHSC_01432	SAOUHSC_01432
SAOUHSC_01433	SAOUHSC_01433
SAOUHSC_01434	SAOUHSC_01434
S600	S600
SAOUHSC_01435	thyA
S601	S601
SAOUHSC_01436	SAOUHSC_01436
SAOUHSC_01437	SAOUHSC_01437
SAOUHSC_01438	SAOUHSC_01438
SAOUHSC_01439	SAOUHSC_01439
S602	S602
SAOUHSC_01440	SAOUHSC_01440
S603	S603
SAOUHSC_01441	SAOUHSC_01441
SAOUHSC_01442	SAOUHSC_01442
SAOUHSC_01443	SAOUHSC_01443
SAOUHSC_01447	SAOUHSC_01447
S604	S604
SAOUHSC_01448	SAOUHSC_01448
S605	S605
SAOUHSC_01450	SAOUHSC_01450
SAOUHSC_01451	SAOUHSC_01451
S606	S606
SAOUHSC_01452	SAOUHSC_01452
SAOUHSC_01454	SAOUHSC_01454
SAOUHSC_01455	SAOUHSC_01455
S607	S607
SAOUHSC_01456	SAOUHSC_01456
S608	S608
SAOUHSC_01458	SAOUHSC_01458
SAOUHSC_01459	SAOUHSC_01459
S609	S609
SAOUHSC_01460	SAOUHSC_01460
S610	S610
S611	S611
SAOUHSC_01462	SAOUHSC_01462
SAOUHSC_01463	SAOUHSC_01463
SAOUHSC_01464	SAOUHSC_01464
SAOUHSC_01465	SAOUHSC_01465
S612	S612
SAOUHSC_01466	recU
SAOUHSC_01467	SAOUHSC_01467
SAOUHSC_01468	SAOUHSC_01468
SAOUHSC_01469	SAOUHSC_01469
SAOUHSC_01470	SAOUHSC_01470
SAOUHSC_01471	asnC
SAOUHSC_01472	SAOUHSC_01472
SAOUHSC_01473	SAOUHSC_01473
SAOUHSC_01474	SAOUHSC_01474
SAOUHSC_01475	SAOUHSC_01475
S614	S614
SAOUHSC_01476	SAOUHSC_01476
SAOUHSC_01477	SAOUHSC_01477
SAOUHSC_01478	SAOUHSC_01478
SAOUHSC_01479	SAOUHSC_01479
SAOUHSC_01480	SAOUHSC_01480
S615	S615
SAOUHSC_01481	SAOUHSC_01481
SAOUHSC_01482	aroB
SAOUHSC_01483	SAOUHSC_01483
SAOUHSC_01484	SAOUHSC_01484
SAOUHSC_01485	ndk
S616	S616
SAOUHSC_01486	SAOUHSC_01486
SAOUHSC_01487	ubiE
S617	S617
SAOUHSC_01488	SAOUHSC_01488
SAOUHSC_01489	SAOUHSC_01489
SAOUHSC_01490	SAOUHSC_01490
S618	S618
SAOUHSC_01491	gpsA
SAOUHSC_01492	engA
S619	S619
SAOUHSC_01493	rpsA
S620	S620
SAOUHSC_A01436	SAOUHSC_A01436
SAOUHSC_01494	SAOUHSC_01494
SAOUHSC_01495	SAOUHSC_01495
SAOUHSC_01496	cmk
SAOUHSC_01497	SAOUHSC_01497
SAOUHSC_01499	SAOUHSC_01499
SAOUHSC_01500	SAOUHSC_01500
SAOUHSC_01501	SAOUHSC_01501
S622	S622
SAOUHSC_01502	SAOUHSC_01502
SAOUHSC_01503	SAOUHSC_01503
S623	S623
S624	S624
S625	S625
SAOUHSC_01504	SAOUHSC_01504
SAOUHSC_01505	SAOUHSC_01505
S626	S626
SAOUHSC_01507	SAOUHSC_01507
SAOUHSC_01508	SAOUHSC_01508
SAOUHSC_01510	SAOUHSC_01510
SAOUHSC_01511	SAOUHSC_01511
SAOUHSC_01512	SAOUHSC_01512
SAOUHSC_01513	SAOUHSC_01513
S627	S627
SAOUHSC_01514	SAOUHSC_01514
S628	S628
SAOUHSC_A01455	SAOUHSC_A01455
S629	S629
SAOUHSC_01515	SAOUHSC_01515
SAOUHSC_01516	SAOUHSC_01516
SAOUHSC_01517	SAOUHSC_01517
SAOUHSC_01518	SAOUHSC_01518
SAOUHSC_01519	SAOUHSC_01519
SAOUHSC_01520	SAOUHSC_01520
SAOUHSC_01521	SAOUHSC_01521
SAOUHSC_01522	SAOUHSC_01522
SAOUHSC_01523	SAOUHSC_01523
SAOUHSC_01524	SAOUHSC_01524
SAOUHSC_01525	SAOUHSC_01525
SAOUHSC_01526	SAOUHSC_01526
SAOUHSC_01527	SAOUHSC_01527
SAOUHSC_01528	SAOUHSC_01528
S630	S630
SAOUHSC_01529	SAOUHSC_01529
SAOUHSC_01530	SAOUHSC_01530
SAOUHSC_01531	SAOUHSC_01531
SAOUHSC_01532	SAOUHSC_01532
SAOUHSC_01533	SAOUHSC_01533
S631	S631
SAOUHSC_01535	SAOUHSC_01535
SAOUHSC_01536	SAOUHSC_01536
SAOUHSC_01537	SAOUHSC_01537
SAOUHSC_01538	SAOUHSC_01538
SAOUHSC_01539	SAOUHSC_01539
SAOUHSC_01540	SAOUHSC_01540
SAOUHSC_01541	SAOUHSC_01541
SAOUHSC_01542	SAOUHSC_01542
SAOUHSC_01543	SAOUHSC_01543
SAOUHSC_01544	SAOUHSC_01544
SAOUHSC_01545	SAOUHSC_01545
SAOUHSC_01546	SAOUHSC_01546
SAOUHSC_01547	SAOUHSC_01547
SAOUHSC_01548	SAOUHSC_01548
SAOUHSC_01549	SAOUHSC_01549
SAOUHSC_01550	SAOUHSC_01550
SAOUHSC_01551	SAOUHSC_01551
SAOUHSC_01552	SAOUHSC_01552
SAOUHSC_01553	SAOUHSC_01553
SAOUHSC_01554	SAOUHSC_01554
SAOUHSC_01555	SAOUHSC_01555
SAOUHSC_01556	SAOUHSC_01556
SAOUHSC_01557	SAOUHSC_01557
SAOUHSC_01558	SAOUHSC_01558
SAOUHSC_01559	SAOUHSC_01559
SAOUHSC_01560	SAOUHSC_01560
SAOUHSC_01561	SAOUHSC_01561
SAOUHSC_01562	SAOUHSC_01562
SAOUHSC_01563	SAOUHSC_01563
SAOUHSC_01565	SAOUHSC_01565
SAOUHSC_01566	SAOUHSC_01566
SAOUHSC_01567	SAOUHSC_01567
SAOUHSC_01568	SAOUHSC_01568
S632	S632
SAOUHSC_01569	SAOUHSC_01569
SAOUHSC_01570	SAOUHSC_01570
SAOUHSC_01571	SAOUHSC_01571
S633	S633
SAOUHSC_01572	SAOUHSC_01572
SAOUHSC_01573	SAOUHSC_01573
SAOUHSC_01574	SAOUHSC_01574
SAOUHSC_A01514	SAOUHSC_A01514
SAOUHSC_01575	SAOUHSC_01575
SAOUHSC_01576	SAOUHSC_01576
SAOUHSC_01577	SAOUHSC_01577
S634	S634
SAOUHSC_01578	SAOUHSC_01578
SAOUHSC_01579	SAOUHSC_01579
SAOUHSC_01580	SAOUHSC_01580
S635	S635
SAOUHSC_01582	SAOUHSC_01582
S636	S636
SAOUHSC_01583	SAOUHSC_01583
SAOUHSC_01584	SAOUHSC_01584
S637	S637
SAOUHSC_01585	SAOUHSC_01585
SAOUHSC_01586	SAOUHSC_01586
S638	S638
SAOUHSC_01587	SAOUHSC_01587
SAOUHSC_01588	SAOUHSC_01588
SAOUHSC_01589	SAOUHSC_01589
SAOUHSC_01590	SAOUHSC_01590
SAOUHSC_01591	SAOUHSC_01591
SAOUHSC_01592	SAOUHSC_01592
SAOUHSC_01593	SAOUHSC_01593
SAOUHSC_01594	SAOUHSC_01594
SAOUHSC_01595	SAOUHSC_01595
SAOUHSC_01596	SAOUHSC_01596
S639	S639
SAOUHSC_01597	SAOUHSC_01597
SAOUHSC_01598	SAOUHSC_01598
S640	S640
SAOUHSC_01599	SAOUHSC_01599
S641	S641
SAOUHSC_01600	SAOUHSC_01600
SAOUHSC_01601	SAOUHSC_01601
SAOUHSC_01602	SAOUHSC_01602
SAOUHSC_01603	SAOUHSC_01603
SAOUHSC_01604	SAOUHSC_01604
S642	S642
SAOUHSC_01605	SAOUHSC_01605
SAOUHSC_01606	SAOUHSC_01606
S643	S643
S644	S644
SAOUHSC_01607	SAOUHSC_01607
SAOUHSC_01608	SAOUHSC_01608
SAOUHSC_01609	SAOUHSC_01609
SAOUHSC_01610	SAOUHSC_01610
S645	S645
SAOUHSC_01611	SAOUHSC_01611
SAOUHSC_01612	SAOUHSC_01612
SAOUHSC_01613	SAOUHSC_01613
SAOUHSC_01614	SAOUHSC_01614
S646	S646
SAOUHSC_01615	SAOUHSC_01615
SAOUHSC_01617	SAOUHSC_01617
S647	S647
SAOUHSC_01618	SAOUHSC_01618
SAOUHSC_01619	SAOUHSC_01619
SAOUHSC_01620	xseA
SAOUHSC_01621	nusB
SAOUHSC_01622	SAOUHSC_01622
SAOUHSC_01623	SAOUHSC_01623
SAOUHSC_01624	SAOUHSC_01624
S648	S648
SAOUHSC_01625	SAOUHSC_01625
SAOUHSC_01626	SAOUHSC_01626
SAOUHSC_01627	SAOUHSC_01627
SAOUHSC_01628	SAOUHSC_01628
SAOUHSC_01629	SAOUHSC_01629
S649	S649
SAOUHSC_01630	SAOUHSC_01630
S650	S650
S651	S651
SAOUHSC_01632	SAOUHSC_01632
SAOUHSC_01633	SAOUHSC_01633
SAOUHSC_01634	gcvT
S652	S652
SAOUHSC_01635	SAOUHSC_01635
SAOUHSC_01636	SAOUHSC_01636
SAOUHSC_01637	SAOUHSC_01637
SAOUHSC_01638	SAOUHSC_01638
SAOUHSC_01639	SAOUHSC_01639
SAOUHSC_01640	SAOUHSC_01640
SAOUHSC_01641	SAOUHSC_01641
SAOUHSC_01643	SAOUHSC_01643
SAOUHSC_01644	SAOUHSC_01644
SAOUHSC_01645	SAOUHSC_01645
SAOUHSC_01646	SAOUHSC_01646
SAOUHSC_01647	SAOUHSC_01647
SAOUHSC_01649	SAOUHSC_01649
SAOUHSC_01650	SAOUHSC_01650
SAOUHSC_01651	rpmG
SAOUHSC_01652	SAOUHSC_01652
SAOUHSC_01653	SAOUHSC_01653
S653	S653
SAOUHSC_01655	SAOUHSC_01655
SAOUHSC_01656	SAOUHSC_01656
SAOUHSC_01657	SAOUHSC_01657
S654	S654
SAOUHSC_01658	SAOUHSC_01658
SAOUHSC_01659	SAOUHSC_01659
S655	S655
SAOUHSC_01660	SAOUHSC_01660
SAOUHSC_01661	SAOUHSC_01661
SAOUHSC_01662	SAOUHSC_01662
S656	S656
SAOUHSC_01663	SAOUHSC_01663
SAOUHSC_01664	SAOUHSC_01664
SAOUHSC_01665	SAOUHSC_01665
S657	S657
S658	S658
S659	S659
SAOUHSC_01666	SAOUHSC_01666
SAOUHSC_01667	SAOUHSC_01667
SAOUHSC_01668	era
SAOUHSC_01669	SAOUHSC_01669
SAOUHSC_01670	SAOUHSC_01670
SAOUHSC_01671	SAOUHSC_01671
SAOUHSC_01672	SAOUHSC_01672
SAOUHSC_01673	SAOUHSC_01673
S661	S661
SAOUHSC_01675	SAOUHSC_01675
SAOUHSC_01676	SAOUHSC_01676
SAOUHSC_01677	SAOUHSC_01677
S662	S662
S663	S663
SAOUHSC_01678	rpsU
S664	S664
S665	S665
SAOUHSC_01679	SAOUHSC_01679
SAOUHSC_01680	SAOUHSC_01680
SAOUHSC_01681	prmA
SAOUHSC_01682	SAOUHSC_01682
S666	S666
SAOUHSC_01683	dnaK
SAOUHSC_01684	SAOUHSC_01684
SAOUHSC_01685	SAOUHSC_01685
SAOUHSC_01686	SAOUHSC_01686
S667	S667
SAOUHSC_01687	SAOUHSC_01687
S668	S668
SAOUHSC_01688	SAOUHSC_01688
S669	S669
S670	S670
SAOUHSC_01689	rpsT
SAOUHSC_01690	holA
SAOUHSC_01691	SAOUHSC_01691
SAOUHSC_01692	SAOUHSC_01692
S671	S671
SAOUHSC_01693	SAOUHSC_01693
SAOUHSC_01694	SAOUHSC_01694
SAOUHSC_01695	SAOUHSC_01695
SAOUHSC_01696	SAOUHSC_01696
SAOUHSC_01697	SAOUHSC_01697
SAOUHSC_01698	SAOUHSC_01698
SAOUHSC_01699	SAOUHSC_01699
SAOUHSC_01700	SAOUHSC_01700
SAOUHSC_01701	SAOUHSC_01701
SAOUHSC_01702	SAOUHSC_01702
SAOUHSC_01703	SAOUHSC_01703
SAOUHSC_01704	SAOUHSC_01704
SAOUHSC_01705	SAOUHSC_01705
SAOUHSC_01706	SAOUHSC_01706
S672	S672
S673	S673
SAOUHSC_01707	SAOUHSC_01707
SAOUHSC_01708	SAOUHSC_01708
SAOUHSC_01709	SAOUHSC_01709
SAOUHSC_01710	SAOUHSC_01710
SAOUHSC_01711	SAOUHSC_01711
S674	S674
SAOUHSC_01712	SAOUHSC_01712
S675	S675
SAOUHSC_01714	greA
SAOUHSC_01715	SAOUHSC_01715
SAOUHSC_01716	SAOUHSC_01716
SAOUHSC_01717	SAOUHSC_01717
SAOUHSC_01718	SAOUHSC_01718
S676	S676
SAOUHSC_01719	SAOUHSC_01719
SAOUHSC_01720	SAOUHSC_01720
SAOUHSC_01721	SAOUHSC_01721
SAOUHSC_01722	alaS
S677	S677
S678	S678
SAOUHSC_01723	SAOUHSC_01723
SAOUHSC_01724	SAOUHSC_01724
S679	S679
SAOUHSC_01726	SAOUHSC_01726
SAOUHSC_01727	SAOUHSC_01727
S680	S680
S681	S681
SAOUHSC_01728	SAOUHSC_01728
SAOUHSC_01729	SAOUHSC_01729
SAOUHSC_01730	SAOUHSC_01730
SAOUHSC_01732	SAOUHSC_01732
SAOUHSC_01733	SAOUHSC_01733
SAOUHSC_01734	SAOUHSC_01734
S683	S683
S684	S684
SAOUHSC_01735	SAOUHSC_01735
SAOUHSC_01736	SAOUHSC_01736
S685	6S RNA
SAOUHSC_01737	aspS
SAOUHSC_01738	hisS
S686	S686
S687	S687
SAOUHSC_01739	SAOUHSC_01739
SAOUHSC_01741	SAOUHSC_01741
SAOUHSC_01742	SAOUHSC_01742
S688	S688
S689	S689
SAOUHSC_01743	SAOUHSC_01743
SAOUHSC_01744	SAOUHSC_01744
S690	S690
SAOUHSC_01746	SAOUHSC_01746
S692	S692
SAOUHSC_01747	SAOUHSC_01747
SAOUHSC_01748	tgt
SAOUHSC_01749	queA
SAOUHSC_01750	ruvB
SAOUHSC_01751	ruvA
SAOUHSC_01752	SAOUHSC_01752
SAOUHSC_01753	obgE
S693	S693
SAOUHSC_01755	rpmA
SAOUHSC_01756	SAOUHSC_01756
SAOUHSC_01757	rplU
S694	S694
SAOUHSC_01758	SAOUHSC_01758
SAOUHSC_01759	SAOUHSC_01759
SAOUHSC_01760	SAOUHSC_01760
SAOUHSC_01761	SAOUHSC_01761
SAOUHSC_01761a	SAOUHSC_01761a
S696	S696
SAOUHSC_01762	SAOUHSC_01762
SAOUHSC_01763	SAOUHSC_01763
SAOUHSC_01764	SAOUHSC_01764
SAOUHSC_01765	SAOUHSC_01765
SAOUHSC_01766	SAOUHSC_01766
SAOUHSC_01767	valS
S697	S697
S698	S698
S699	S699
SAOUHSC_01768	SAOUHSC_01768
S700	S700
SAOUHSC_01769	SAOUHSC_01769
SAOUHSC_01770	SAOUHSC_01770
SAOUHSC_01771	SAOUHSC_01771
SAOUHSC_01772	SAOUHSC_01772
SAOUHSC_01773	SAOUHSC_01773
SAOUHSC_01774	hemC
SAOUHSC_01775	SAOUHSC_01775
SAOUHSC_01776	hemA
S701	S701
SAOUHSC_01777	engB
S702	S702
SAOUHSC_01778	clpX
S703	S703
SAOUHSC_01779	tig
SAOUHSC_01780	SAOUHSC_01780
SAOUHSC_01781	SAOUHSC_01781
SAOUHSC_01782	SAOUHSC_01782
SAOUHSC_01783	SAOUHSC_01783
SAOUHSC_01784	rplT
SAOUHSC_01785	rpmI
SAOUHSC_01786	infC
S704	S704
S705	S705
SAOUHSC_01787	SAOUHSC_01787
S706	S706
S707	S707
SAOUHSC_01788	thrS
S708	S708
SAOUHSC_01789	SAOUHSC_01789
S709	S709
SAOUHSC_01791	SAOUHSC_01791
SAOUHSC_01792	SAOUHSC_01792
SAOUHSC_01793	nrdR
SAOUHSC_01794	SAOUHSC_01794
SAOUHSC_01795	coaE
SAOUHSC_01796	SAOUHSC_01796
SAOUHSC_01797	SAOUHSC_01797
SAOUHSC_01798	SAOUHSC_01798
S710	S710
SAOUHSC_01799	SAOUHSC_01799
SAOUHSC_01800	SAOUHSC_01800
SAOUHSC_A01723	SAOUHSC_A01723
S711	S711
SAOUHSC_01801	SAOUHSC_01801
SAOUHSC_01802	SAOUHSC_01802
S712	S712
SAOUHSC_01803	SAOUHSC_01803
SAOUHSC_01805	SAOUHSC_01805
S713	S713
SAOUHSC_01806	SAOUHSC_01806
SAOUHSC_01807	SAOUHSC_01807
S714	S714
S715	S715
S716	S716
SAOUHSC_01808	SAOUHSC_01808
SAOUHSC_01809	SAOUHSC_01809
S717	S717
SAOUHSC_01810	SAOUHSC_01810
S718	S718
SAOUHSC_01811	SAOUHSC_01811
SAOUHSC_01812	SAOUHSC_01812
S719	S719
SAOUHSC_01813	SAOUHSC_01813
SAOUHSC_01814	SAOUHSC_01814
SAOUHSC_01815	SAOUHSC_01815
SAOUHSC_01816	SAOUHSC_01816
S720	S720
SAOUHSC_01817	SAOUHSC_01817
S721	S721
SAOUHSC_01818	SAOUHSC_01818
SAOUHSC_01819	SAOUHSC_01819
SAOUHSC_01820	SAOUHSC_01820
SAOUHSC_01821	SAOUHSC_01821
S722	S722
SAOUHSC_01822	tpx
SAOUHSC_01823	SAOUHSC_01823
SAOUHSC_01824	SAOUHSC_01824
SAOUHSC_01825	SAOUHSC_01825
SAOUHSC_01826	SAOUHSC_01826
S723	S723
SAOUHSC_01827	SAOUHSC_01827
SAOUHSC_01828	SAOUHSC_01828
S724	S724
SAOUHSC_01829	rpsD
SAOUHSC_A01754	SAOUHSC_A01754
SAOUHSC_01830	SAOUHSC_01830
SAOUHSC_01831	SAOUHSC_01831
SAOUHSC_01832	SAOUHSC_01832
SAOUHSC_01833	SAOUHSC_01833
S725	S725
SAOUHSC_01834	SAOUHSC_01834
SAOUHSC_01835	SAOUHSC_01835
SAOUHSC_01836	SAOUHSC_01836
S726	S726
SAOUHSC_01837	SAOUHSC_01837
SAOUHSC_01838	SAOUHSC_01838
SAOUHSC_01839	SAOUHSC_01839
S727	S727
S728	S728
SAOUHSC_01840	SAOUHSC_01840
SAOUHSC_01841	SAOUHSC_01841
SAOUHSC_01843	SAOUHSC_01843
SAOUHSC_01844	SAOUHSC_01844
SAOUHSC_01845	SAOUHSC_01845
S729	S729
S730	S730
SAOUHSC_01846	SAOUHSC_01846
SAOUHSC_01847	SAOUHSC_01847
SAOUHSC_01849	SAOUHSC_01849
SAOUHSC_01850	SAOUHSC_01850
SAOUHSC_01851	SAOUHSC_01851
S731	S731
SAOUHSC_01852	SAOUHSC_01852
S732	S732
SAOUHSC_01853	SAOUHSC_01853
S733	S733
SAOUHSC_01854	SAOUHSC_01854
SAOUHSC_01855	SAOUHSC_01855
SAOUHSC_01856	murC
SAOUHSC_01857	SAOUHSC_01857
SAOUHSC_01858	SAOUHSC_01858
SAOUHSC_01859	SAOUHSC_01859
SAOUHSC_01860	SAOUHSC_01860
SAOUHSC_01861	SAOUHSC_01861
SAOUHSC_01863	SAOUHSC_01863
S734	S734
SAOUHSC_01864	SAOUHSC_01864
SAOUHSC_01865	trmB
SAOUHSC_01866	SAOUHSC_01866
S735	S735
S736	S736
SAOUHSC_01867	SAOUHSC_01867
SAOUHSC_01868	SAOUHSC_01868
S737	S737
SAOUHSC_01869	SAOUHSC_01869
SAOUHSC_01870	SAOUHSC_01870
SAOUHSC_01871	SAOUHSC_01871
S738	S738
S739	S739
SAOUHSC_01872	SAOUHSC_01872
SAOUHSC_01873	SAOUHSC_01873
SAOUHSC_01874	SAOUHSC_01874
SAOUHSC_01875	leuS
S740	S740
SAOUHSC_01876	SAOUHSC_01876
SAOUHSC_01877	SAOUHSC_01877
SAOUHSC_01878	SAOUHSC_01878
S741	S741
SAOUHSC_01879	SAOUHSC_01879
S742	S742
SAOUHSC_01880	SAOUHSC_01880
SAOUHSC_01882	SAOUHSC_01882
SAOUHSC_01883	SAOUHSC_01883
SAOUHSC_01884	SAOUHSC_01884
SAOUHSC_01886	ribH
SAOUHSC_01887	SAOUHSC_01887
SAOUHSC_01888	SAOUHSC_01888
SAOUHSC_01889	SAOUHSC_01889
S743	S743
SAOUHSC_01890	SAOUHSC_01890
S744	S744
SAOUHSC_01891	SAOUHSC_01891
SAOUHSC_01893	SAOUHSC_01893
SAOUHSC_01894	SAOUHSC_01894
S745	S745
S746	S746
SAOUHSC_01895	SAOUHSC_01895
S747	S747
S748	S748
SAOUHSC_01896	SAOUHSC_01896
S749	S749
S750	S750
SAOUHSC_01897	SAOUHSC_01897
S751	S751
SAOUHSC_01898	SAOUHSC_01898
S752	S752
SAOUHSC_01899	SAOUHSC_01899
S753	S753
S754	S754
SAOUHSC_01900	SAOUHSC_01900
SAOUHSC_01901	SAOUHSC_01901
S755	S755
SAOUHSC_01902	SAOUHSC_01902
S756	S756
S757	S757
SAOUHSC_01903	SAOUHSC_01903
SAOUHSC_01904	SAOUHSC_01904
SAOUHSC_01905	SAOUHSC_01905
SAOUHSC_01907	SAOUHSC_01907
SAOUHSC_01908	SAOUHSC_01908
SAOUHSC_01909	SAOUHSC_01909
S758	S758
SAOUHSC_01910	SAOUHSC_01910
SAOUHSC_01911	SAOUHSC_01911
SAOUHSC_01912	SAOUHSC_01912
SAOUHSC_01913	SAOUHSC_01913
S759	S759
SAOUHSC_01914	SAOUHSC_01914
SAOUHSC_01915	SAOUHSC_01915
SAOUHSC_01916	SAOUHSC_01916
SAOUHSC_01917	SAOUHSC_01917
S760	S760
SAOUHSC_01918	SAOUHSC_01918
S761	S761
SAOUHSC_01919	SAOUHSC_01919
SAOUHSC_01920	SAOUHSC_01920
SAOUHSC_01921	SAOUHSC_01921
SAOUHSC_01922	SAOUHSC_01922
SAOUHSC_01923	SAOUHSC_01923
SAOUHSC_01924	SAOUHSC_01924
SAOUHSC_01925	SAOUHSC_01925
SAOUHSC_01926	SAOUHSC_01926
S762	S762
SAOUHSC_01927	SAOUHSC_01927
S763	S763
SAOUHSC_01928	SAOUHSC_01928
S764	S764
S765	S765
SAOUHSC_01929	SAOUHSC_01929
SAOUHSC_01930	SAOUHSC_01930
S766	S766
SAOUHSC_01931	SAOUHSC_01931
SAOUHSC_01932	SAOUHSC_01932
SAOUHSC_01933	SAOUHSC_01933
SAOUHSC_01934	SAOUHSC_01934
SAOUHSC_01935	SAOUHSC_01935
SAOUHSC_01936	SAOUHSC_01936
SAOUHSC_01937	SAOUHSC_01937
SAOUHSC_01938	SAOUHSC_01938
S767	S767
SAOUHSC_01939	SAOUHSC_01939
SAOUHSC_01941	SAOUHSC_01941
S768	S768
SAOUHSC_01942	SAOUHSC_01942
SAOUHSC_01943	SAOUHSC_01943
SAOUHSC_01944	SAOUHSC_01944
S769	S769
S770	S770
SAOUHSC_01945	SAOUHSC_01945
SAOUHSC_01947	SAOUHSC_01947
SAOUHSC_01948	SAOUHSC_01948
SAOUHSC_01949	SAOUHSC_01949
SAOUHSC_01950	SAOUHSC_01950
SAOUHSC_01951	SAOUHSC_01951
SAOUHSC_01952	SAOUHSC_01952
SAOUHSC_01953	SAOUHSC_01953
SAOUHSC_01954	SAOUHSC_01954
SAOUHSC_01955	SAOUHSC_01955
S771	SprC
SAOUHSC_01956	SAOUHSC_01956
SAOUHSC_01957	SAOUHSC_01957
S772	S772
S773	S773
S774	S774
S775	S775
SAOUHSC_T00050	SAOUHSC_T00050
SAOUHSC_T00019	SAOUHSC_T00019
SAOUHSC_T0009	SAOUHSC_T0009
SAOUHSC_T00022	SAOUHSC_T00022
SAOUHSC_T00026	SAOUHSC_T00026
SAOUHSC_T00042	SAOUHSC_T00042
SAOUHSC_T00012	SAOUHSC_T00012
SAOUHSC_T00038	SAOUHSC_T00038
S776	S776
S777	S777
SAOUHSC_01958	SAOUHSC_01958
S778	S778
SAOUHSC_01959	SAOUHSC_01959
S779	S779
SAOUHSC_01960	SAOUHSC_01960
SAOUHSC_01961	hemH
SAOUHSC_01962	hemE
SAOUHSC_01963	SAOUHSC_01963
S780	S780
SAOUHSC_01964	SAOUHSC_01964
SAOUHSC_01966	SAOUHSC_01966
SAOUHSC_01967	SAOUHSC_01967
SAOUHSC_01968	SAOUHSC_01968
S781	S781
SAOUHSC_01969	SAOUHSC_01969
S782	S782
S783	S783
SAOUHSC_01971	SAOUHSC_01971
S784	S784
SAOUHSC_01972	SAOUHSC_01972
SAOUHSC_01973	SAOUHSC_01973
SAOUHSC_01974	SAOUHSC_01974
SAOUHSC_01975	SAOUHSC_01975
S785	S785
SAOUHSC_01976	SAOUHSC_01976
SAOUHSC_01977	SAOUHSC_01977
SAOUHSC_01978	SAOUHSC_01978
SAOUHSC_01979	SAOUHSC_01979
S786	S786
S787	S787
SAOUHSC_01980	SAOUHSC_01980
SAOUHSC_01981	SAOUHSC_01981
SAOUHSC_01982	SAOUHSC_01982
S788	S788
SAOUHSC_01983	fumC
SAOUHSC_01984	SAOUHSC_01984
S789	S789
SAOUHSC_01985	SAOUHSC_01985
S790	S790
SAOUHSC_01986	SAOUHSC_01986
SAOUHSC_01987	SAOUHSC_01987
S791	S791
SAOUHSC_01988	SAOUHSC_01988
SAOUHSC_01989	SAOUHSC_01989
SAOUHSC_01990	SAOUHSC_01990
SAOUHSC_01991	SAOUHSC_01991
SAOUHSC_01992	SAOUHSC_01992
SAOUHSC_01993	SAOUHSC_01993
S792	S792
SAOUHSC_T00031	SAOUHSC_T00031
SAOUHSC_T00046	SAOUHSC_T00046
SAOUHSC_T00047	SAOUHSC_T00047
SAOUHSC_T00023	SAOUHSC_T00023
SAOUHSC_T00015	SAOUHSC_T00015
SAOUHSC_T00016	SAOUHSC_T00016
SAOUHSC_T00027	SAOUHSC_T00027
SAOUHSC_T00056	SAOUHSC_T00056
SAOUHSC_T00057	SAOUHSC_T00057
SAOUHSC_T00054	SAOUHSC_T00054
SAOUHSC_T00043	SAOUHSC_T00043
SAOUHSC_A01909	SAOUHSC_A01909
SAOUHSC_T00013	SAOUHSC_T00013
SAOUHSC_T00039	SAOUHSC_T00039
SAOUHSC_T00051	SAOUHSC_T00051
SAOUHSC_T00014	SAOUHSC_T00014
SAOUHSC_T00052	SAOUHSC_T00052
SAOUHSC_T00040	SAOUHSC_T00040
SAOUHSC_T00041	SAOUHSC_T00041
SAOUHSC_T0002	SAOUHSC_T0002
SAOUHSC_T00045	SAOUHSC_T00045
SAOUHSC_T0007	SAOUHSC_T0007
SAOUHSC_T00032	SAOUHSC_T00032
SAOUHSC_T00024	SAOUHSC_T00024
SAOUHSC_T00033	SAOUHSC_T00033
SAOUHSC_T00036	SAOUHSC_T00036
SAOUHSC_T00055	SAOUHSC_T00055
SAOUHSC_T00060	SAOUHSC_T00060
SAOUHSC_R00013	SAOUHSC_R00013
SAOUHSC_R0008	SAOUHSC_R0008
SAOUHSC_T0003	SAOUHSC_T0003
SAOUHSC_A01912	SAOUHSC_A01912
SAOUHSC_T00028	SAOUHSC_T00028
SAOUHSC_R0003	SAOUHSC_R0003
S793	S793
S794	S794
S795	S795
SAOUHSC_01997	SAOUHSC_01997
S796	S796
SAOUHSC_01998	SAOUHSC_01998
SAOUHSC_01999	SAOUHSC_01999
SAOUHSC_02000	SAOUHSC_02000
S798	S798
SAOUHSC_02001	SAOUHSC_02001
SAOUHSC_02002	SAOUHSC_02002
SAOUHSC_02003	SAOUHSC_02003
S799	S799
S800	S800
SAOUHSC_02004	SAOUHSC_02004
S801	S801
SAOUHSC_02005	SAOUHSC_02005
SAOUHSC_02006	SAOUHSC_02006
S802	S802
SAOUHSC_02007	SAOUHSC_02007
S803	S803
SAOUHSC_02008	SAOUHSC_02008
SAOUHSC_02009	SAOUHSC_02009
SAOUHSC_02010	SAOUHSC_02010
SAOUHSC_02011	recX
SAOUHSC_02012	SAOUHSC_02012
S804	S804
S805	S805
SAOUHSC_02013	SAOUHSC_02013
S806	S806
SAOUHSC_02014	SAOUHSC_02014
S807	S807
SAOUHSC_02015	SAOUHSC_02015
S808	S808
SAOUHSC_02016	SAOUHSC_02016
SAOUHSC_02017	SAOUHSC_02017
S809	S809
SAOUHSC_02018	SAOUHSC_02018
S810	S810
SAOUHSC_02019	SAOUHSC_02019
SAOUHSC_02020	SAOUHSC_02020
SAOUHSC_02021	SAOUHSC_02021
SAOUHSC_02022	SAOUHSC_02022
SAOUHSC_02023	SAOUHSC_02023
SAOUHSC_02025	SAOUHSC_02025
SAOUHSC_02026	SAOUHSC_02026
SAOUHSC_02027	SAOUHSC_02027
SAOUHSC_02028	SAOUHSC_02028
SAOUHSC_02029	SAOUHSC_02029
SAOUHSC_02030	SAOUHSC_02030
SAOUHSC_02031	SAOUHSC_02031
SAOUHSC_02033	SAOUHSC_02033
SAOUHSC_02034	SAOUHSC_02034
SAOUHSC_02035	SAOUHSC_02035
SAOUHSC_02036	SAOUHSC_02036
SAOUHSC_02037	SAOUHSC_02037
SAOUHSC_02038	SAOUHSC_02038
SAOUHSC_02040	SAOUHSC_02040
SAOUHSC_02041	SAOUHSC_02041
SAOUHSC_02042	SAOUHSC_02042
SAOUHSC_02043	SAOUHSC_02043
SAOUHSC_02044	SAOUHSC_02044
S811	S811
SAOUHSC_02046	SAOUHSC_02046
SAOUHSC_02047	SAOUHSC_02047
SAOUHSC_02048	SAOUHSC_02048
SAOUHSC_02049	SAOUHSC_02049
SAOUHSC_02050	SAOUHSC_02050
S812	S812
SAOUHSC_02051	SAOUHSC_02051
SAOUHSC_02052	SAOUHSC_02052
SAOUHSC_02053	SAOUHSC_02053
SAOUHSC_02054	SAOUHSC_02054
SAOUHSC_02055	SAOUHSC_02055
SAOUHSC_02056	SAOUHSC_02056
SAOUHSC_02057	SAOUHSC_02057
SAOUHSC_02058	SAOUHSC_02058
SAOUHSC_02059	SAOUHSC_02059
SAOUHSC_02060	SAOUHSC_02060
SAOUHSC_02061	SAOUHSC_02061
SAOUHSC_02062	SAOUHSC_02062
SAOUHSC_02063	SAOUHSC_02063
SAOUHSC_02064	SAOUHSC_02064
SAOUHSC_02065	SAOUHSC_02065
SAOUHSC_02066	SAOUHSC_02066
SAOUHSC_02067	SAOUHSC_02067
SAOUHSC_02068	SAOUHSC_02068
SAOUHSC_02069	SAOUHSC_02069
SAOUHSC_02070	SAOUHSC_02070
SAOUHSC_02071	SAOUHSC_02071
S813	S813
SAOUHSC_02072	SAOUHSC_02072
SAOUHSC_02073	SAOUHSC_02073
SAOUHSC_02074	SAOUHSC_02074
SAOUHSC_02075	SAOUHSC_02075
S814	S814
SAOUHSC_02076	SAOUHSC_02076
SAOUHSC_02077	SAOUHSC_02077
S815	S815
SAOUHSC_02078	SAOUHSC_02078
SAOUHSC_02079	SAOUHSC_02079
SAOUHSC_02080	SAOUHSC_02080
S816	S816
SAOUHSC_02081	SAOUHSC_02081
SAOUHSC_02083	SAOUHSC_02083
SAOUHSC_02084	SAOUHSC_02084
S817	S817
SAOUHSC_02085	SAOUHSC_02085
S818	S818
S819	S819
SAOUHSC_02086	SAOUHSC_02086
SAOUHSC_02087	SAOUHSC_02087
SAOUHSC_02088	SAOUHSC_02088
S820	S820
SAOUHSC_02089	SAOUHSC_02089
SAOUHSC_02090	SAOUHSC_02090
SAOUHSC_02091	SAOUHSC_02091
S821	S821
SAOUHSC_02092	SAOUHSC_02092
SAOUHSC_02093	SAOUHSC_02093
SAOUHSC_02095	SAOUHSC_02095
SAOUHSC_02096	SAOUHSC_02096
S822	S822
SAOUHSC_02097	SAOUHSC_02097
S823	S823
SAOUHSC_02098	SAOUHSC_02098
SAOUHSC_02099	SAOUHSC_02099
SAOUHSC_02100	SAOUHSC_02100
SAOUHSC_02101	SAOUHSC_02101
S824	S824
SAOUHSC_02102	SAOUHSC_02102
S825	S825
SAOUHSC_A02013	SAOUHSC_A02013
S826	S826
SAOUHSC_02103	SAOUHSC_02103
S827	S827
SAOUHSC_02104	SAOUHSC_02104
SAOUHSC_02105	SAOUHSC_02105
SAOUHSC_02106	SAOUHSC_02106
SAOUHSC_02107	SAOUHSC_02107
SAOUHSC_02108	SAOUHSC_02108
S828	S828
SAOUHSC_02109	SAOUHSC_02109
S829	S829
SAOUHSC_02110	SAOUHSC_02110
SAOUHSC_02111	SAOUHSC_02111
S830	S830
S831	S831
SAOUHSC_02112	SAOUHSC_02112
S832	S832
SAOUHSC_02113	SAOUHSC_02113
SAOUHSC_02114	SAOUHSC_02114
S833	S833
SAOUHSC_02115	SAOUHSC_02115
SAOUHSC_02116	gatB
SAOUHSC_02117	gatA
SAOUHSC_02118	gatC
SAOUHSC_02119	SAOUHSC_02119
SAOUHSC_02121	SAOUHSC_02121
SAOUHSC_02122	SAOUHSC_02122
SAOUHSC_02123	SAOUHSC_02123
SAOUHSC_02124	SAOUHSC_02124
SAOUHSC_02125	SAOUHSC_02125
S834	S834
SAOUHSC_02126	SAOUHSC_02126
S835	S835
SAOUHSC_02127	SAOUHSC_02127
SAOUHSC_02129	SAOUHSC_02129
S836	S836
SAOUHSC_02130	SAOUHSC_02130
SAOUHSC_02131	SAOUHSC_02131
S837	S837
SAOUHSC_02132	nadE
SAOUHSC_02133	SAOUHSC_02133
SAOUHSC_02134	SAOUHSC_02134
SAOUHSC_02135	SAOUHSC_02135
SAOUHSC_02136	SAOUHSC_02136
S839	S839
SAOUHSC_02137	SAOUHSC_02137
S840	S840
SAOUHSC_02138	SAOUHSC_02138
S841	S841
SAOUHSC_02139	SAOUHSC_02139
SAOUHSC_02140	SAOUHSC_02140
SAOUHSC_02141	SAOUHSC_02141
S842	S842
SAOUHSC_02142	SAOUHSC_02142
SAOUHSC_02143	SAOUHSC_02143
S843	S843
SAOUHSC_02144	SAOUHSC_02144
SAOUHSC_02145	SAOUHSC_02145
S844	S844
S845	S845
SAOUHSC_02146	SAOUHSC_02146
SAOUHSC_02147	SAOUHSC_02147
SAOUHSC_02148	SAOUHSC_02148
S846	S846
SAOUHSC_02149	SAOUHSC_02149
SAOUHSC_02150	SAOUHSC_02150
SAOUHSC_02151	SAOUHSC_02151
SAOUHSC_02152	SAOUHSC_02152
SAOUHSC_02153	SAOUHSC_02153
SAOUHSC_02154	SAOUHSC_02154
SAOUHSC_02155	SAOUHSC_02155
SAOUHSC_02156	SAOUHSC_02156
SAOUHSC_02157	SAOUHSC_02157
S847	S847
SAOUHSC_02158	SAOUHSC_02158
SAOUHSC_02160	SAOUHSC_02160
SAOUHSC_02161	SAOUHSC_02161
SAOUHSC_02163	SAOUHSC_02163
S848	S848
S849	S849
S850	S850
SAOUHSC_02164	SAOUHSC_02164
S851	S851
SAOUHSC_02165	SAOUHSC_02165
SAOUHSC_02166	SAOUHSC_02166
SAOUHSC_02167	SAOUHSC_02167
S852	S852
S853	SprD
SAOUHSC_02169	SAOUHSC_02169
SAOUHSC_02170	SAOUHSC_02170
S854	S854
SAOUHSC_02171	SAOUHSC_02171
S855	S855
SAOUHSC_02173	SAOUHSC_02173
SAOUHSC_02174	SAOUHSC_02174
SAOUHSC_02175	SAOUHSC_02175
S856	S856
S857	S857
SAOUHSC_02176	SAOUHSC_02176
SAOUHSC_02177	SAOUHSC_02177
SAOUHSC_02178	SAOUHSC_02178
SAOUHSC_02179	SAOUHSC_02179
SAOUHSC_02180	SAOUHSC_02180
SAOUHSC_02181	SAOUHSC_02181
SAOUHSC_02182	SAOUHSC_02182
SAOUHSC_02183	SAOUHSC_02183
SAOUHSC_02184	SAOUHSC_02184
SAOUHSC_02185	SAOUHSC_02185
SAOUHSC_02186	SAOUHSC_02186
SAOUHSC_02187	SAOUHSC_02187
SAOUHSC_02188	SAOUHSC_02188
SAOUHSC_02189	SAOUHSC_02189
SAOUHSC_02190	SAOUHSC_02190
SAOUHSC_02191	SAOUHSC_02191
SAOUHSC_02193	SAOUHSC_02193
SAOUHSC_02194	SAOUHSC_02194
SAOUHSC_02195	SAOUHSC_02195
SAOUHSC_02196	SAOUHSC_02196
SAOUHSC_02197	SAOUHSC_02197
SAOUHSC_02198	SAOUHSC_02198
SAOUHSC_02199	SAOUHSC_02199
SAOUHSC_02200	SAOUHSC_02200
SAOUHSC_A02094	SAOUHSC_A02094
SAOUHSC_02202	SAOUHSC_02202
SAOUHSC_02203	SAOUHSC_02203
SAOUHSC_02204	SAOUHSC_02204
SAOUHSC_02205	SAOUHSC_02205
SAOUHSC_02206	SAOUHSC_02206
SAOUHSC_02207	SAOUHSC_02207
SAOUHSC_02208	SAOUHSC_02208
SAOUHSC_02209	SAOUHSC_02209
SAOUHSC_02210	SAOUHSC_02210
SAOUHSC_02211	SAOUHSC_02211
SAOUHSC_02212	SAOUHSC_02212
SAOUHSC_02213	SAOUHSC_02213
SAOUHSC_02214	SAOUHSC_02214
SAOUHSC_02215	SAOUHSC_02215
SAOUHSC_02216	SAOUHSC_02216
SAOUHSC_02217	SAOUHSC_02217
SAOUHSC_02218	SAOUHSC_02218
S858	S858
SAOUHSC_02219	SAOUHSC_02219
SAOUHSC_02220	SAOUHSC_02220
SAOUHSC_02221	SAOUHSC_02221
SAOUHSC_02222	SAOUHSC_02222
SAOUHSC_02223	SAOUHSC_02223
SAOUHSC_02224	SAOUHSC_02224
SAOUHSC_02225	SAOUHSC_02225
S859	S859
SAOUHSC_02226	SAOUHSC_02226
SAOUHSC_02227	SAOUHSC_02227
SAOUHSC_02228	SAOUHSC_02228
SAOUHSC_02229	SAOUHSC_02229
S861	S861
SAOUHSC_02232	SAOUHSC_02232
SAOUHSC_02233	SAOUHSC_02233
SAOUHSC_02234	SAOUHSC_02234
SAOUHSC_02235	SAOUHSC_02235
S862	S862
SAOUHSC_02236	SAOUHSC_02236
SAOUHSC_02237	SAOUHSC_02237
SAOUHSC_02238	SAOUHSC_02238
SAOUHSC_02239	SAOUHSC_02239
S863	S863
SAOUHSC_02240	SAOUHSC_02240
SAOUHSC_02241	SAOUHSC_02241
SAOUHSC_02243	SAOUHSC_02243
S864	S864
SAOUHSC_02244	SAOUHSC_02244
SAOUHSC_02245	SAOUHSC_02245
SAOUHSC_02246	SAOUHSC_02246
SAOUHSC_02247	SAOUHSC_02247
S865	S865
S866	S866
SAOUHSC_02248	SAOUHSC_02248
S867	S867
SAOUHSC_02249	SAOUHSC_02249
S868	S868
SAOUHSC_02250	SAOUHSC_02250
SAOUHSC_02251	SAOUHSC_02251
SAOUHSC_02252	SAOUHSC_02252
SAOUHSC_02254	groEL
S869	S869
SAOUHSC_02255	groES
SAOUHSC_02256	SAOUHSC_02256
SAOUHSC_02257	SAOUHSC_02257
S870	S870
SAOUHSC_02258	SAOUHSC_02258
SAOUHSC_02259	SAOUHSC_02259
S871	RNAIII
SAOUHSC_02260	SAOUHSC_02260
SAOUHSC_02261	SAOUHSC_02261
SAOUHSC_02262	SAOUHSC_02262
S872	S872
SAOUHSC_02264	SAOUHSC_02264
S873	S873
SAOUHSC_02265	SAOUHSC_02265
S874	S874
SAOUHSC_02266	SAOUHSC_02266
S875	S875
S876	S876
SAOUHSC_02267	SAOUHSC_02267
SAOUHSC_02268	SAOUHSC_02268
S877	S877
SAOUHSC_02269	SAOUHSC_02269
SAOUHSC_02270	SAOUHSC_02270
SAOUHSC_02271	SAOUHSC_02271
SAOUHSC_02272	SAOUHSC_02272
S878	S878
S879	S879
SAOUHSC_02273	SAOUHSC_02273
S880	S880
S881	S881
SAOUHSC_02274	SAOUHSC_02274
SAOUHSC_02275	SAOUHSC_02275
SAOUHSC_02276	SAOUHSC_02276
SAOUHSC_02277	SAOUHSC_02277
SAOUHSC_02278	SAOUHSC_02278
SAOUHSC_02279	SAOUHSC_02279
SAOUHSC_02280	SAOUHSC_02280
S882	S882
SAOUHSC_A02169	SAOUHSC_A02169
S883	S883
S884	S884
SAOUHSC_02281	SAOUHSC_02281
SAOUHSC_02282	SAOUHSC_02282
SAOUHSC_02283	SAOUHSC_02283
S885	S885
SAOUHSC_02284	SAOUHSC_02284
SAOUHSC_02285	SAOUHSC_02285
SAOUHSC_02286	SAOUHSC_02286
SAOUHSC_02287	SAOUHSC_02287
SAOUHSC_02288	leuD
SAOUHSC_02289	SAOUHSC_02289
SAOUHSC_02290	SAOUHSC_02290
SAOUHSC_R00014	SAOUHSC_R00014
SAOUHSC_R0009	SAOUHSC_R0009
S886	S886
SAOUHSC_R0004	SAOUHSC_R0004
SAOUHSC_T00025	SAOUHSC_T00025
SAOUHSC_T00034	SAOUHSC_T00034
SAOUHSC_02294	SAOUHSC_02294
S887	S887
S888	S888
SAOUHSC_02296	SAOUHSC_02296
SAOUHSC_02297	SAOUHSC_02297
S889	S889
SAOUHSC_02298	SAOUHSC_02298
SAOUHSC_02299	SAOUHSC_02299
SAOUHSC_02300	SAOUHSC_02300
S890	S890
SAOUHSC_02301	SAOUHSC_02301
S891	S891
SAOUHSC_A02189	SAOUHSC_A02189
SAOUHSC_02303	SAOUHSC_02303
SAOUHSC_02304	SAOUHSC_02304
SAOUHSC_02305	SAOUHSC_02305
SAOUHSC_02306	acpS
SAOUHSC_02307	SAOUHSC_02307
SAOUHSC_02308	SAOUHSC_02308
SAOUHSC_02309	SAOUHSC_02309
S892	S892
SAOUHSC_02310	SAOUHSC_02310
SAOUHSC_02311	SAOUHSC_02311
S893	S893
SAOUHSC_02312	SAOUHSC_02312
SAOUHSC_02313	SAOUHSC_02313
SAOUHSC_02314	SAOUHSC_02314
SAOUHSC_02315	SAOUHSC_02315
SAOUHSC_02316	SAOUHSC_02316
S894	S894
S895	S895
S896	S896
SAOUHSC_02317	SAOUHSC_02317
SAOUHSC_02318	ddl
S897	S897
SAOUHSC_02319	SAOUHSC_02319
S898	S898
SAOUHSC_02320	SAOUHSC_02320
SAOUHSC_02321	SAOUHSC_02321
SAOUHSC_02322	SAOUHSC_02322
SAOUHSC_02323	SAOUHSC_02323
SAOUHSC_02324	SAOUHSC_02324
S899	S899
SAOUHSC_02325	SAOUHSC_02325
SAOUHSC_02326	SAOUHSC_02326
SAOUHSC_02327	SAOUHSC_02327
SAOUHSC_02328	thiE
SAOUHSC_02329	SAOUHSC_02329
SAOUHSC_02330	SAOUHSC_02330
SAOUHSC_02331	SAOUHSC_02331
S900	S900
SAOUHSC_02332	SAOUHSC_02332
SAOUHSC_02333	SAOUHSC_02333
S901	S901
SAOUHSC_02334	SAOUHSC_02334
SAOUHSC_02335	SAOUHSC_02335
SAOUHSC_02336	fabZ
SAOUHSC_02337	SAOUHSC_02337
S902	S902
SAOUHSC_02338	SAOUHSC_02338
SAOUHSC_02339	SAOUHSC_02339
SAOUHSC_02340	atpC
SAOUHSC_02341	SAOUHSC_02341
SAOUHSC_02343	SAOUHSC_02343
SAOUHSC_02345	SAOUHSC_02345
SAOUHSC_02346	SAOUHSC_02346
SAOUHSC_02347	SAOUHSC_02347
S904	S904
SAOUHSC_02349	SAOUHSC_02349
SAOUHSC_02350	SAOUHSC_02350
SAOUHSC_02351	SAOUHSC_02351
SAOUHSC_02352	SAOUHSC_02352
SAOUHSC_02353	upp
SAOUHSC_02354	glyA
SAOUHSC_02355	SAOUHSC_02355
S905	S905
SAOUHSC_02356	SAOUHSC_02356
SAOUHSC_02357	SAOUHSC_02357
SAOUHSC_02358	SAOUHSC_02358
S906	S906
SAOUHSC_02359	prfA
SAOUHSC_02360	SAOUHSC_02360
SAOUHSC_02361	rpmE2
S907	S907
SAOUHSC_02362	rho
S908	S908
SAOUHSC_02363	SAOUHSC_02363
SAOUHSC_02364	SAOUHSC_02364
S909	S909
SAOUHSC_02365	SAOUHSC_02365
S910	S910
S911	S911
SAOUHSC_02366	SAOUHSC_02366
SAOUHSC_02367	SAOUHSC_02367
S912	S912
SAOUHSC_02368	pyrG
S913	S913
SAOUHSC_02369	SAOUHSC_02369
S914	S914
SAOUHSC_02370	SAOUHSC_02370
SAOUHSC_A02254	SAOUHSC_A02254
SAOUHSC_02371	SAOUHSC_02371
S915	S915
SAOUHSC_02372	SAOUHSC_02372
S916	S916
SAOUHSC_02373	SAOUHSC_02373
SAOUHSC_02374	SAOUHSC_02374
S917	S917
S918	S918
SAOUHSC_02375	SAOUHSC_02375
SAOUHSC_02376	SAOUHSC_02376
SAOUHSC_02377	SAOUHSC_02377
SAOUHSC_02378	SAOUHSC_02378
S919	S919
SAOUHSC_02379	SAOUHSC_02379
S920	S920
S921	S921
SAOUHSC_02380	deoD
SAOUHSC_02381	SAOUHSC_02381
S922	S922
SAOUHSC_02382	SAOUHSC_02382
S923	S923
SAOUHSC_02383	SAOUHSC_02383
S924	S924
S925	S925
SAOUHSC_02384	SAOUHSC_02384
SAOUHSC_02385	SAOUHSC_02385
SAOUHSC_02386	SAOUHSC_02386
S926	S926
S927	S927
SAOUHSC_02387	SAOUHSC_02387
SAOUHSC_02388	SAOUHSC_02388
SAOUHSC_02389	SAOUHSC_02389
SAOUHSC_02390	SAOUHSC_02390
S928	S928
S929	S929
S930	S930
SAOUHSC_02391	SAOUHSC_02391
S931	S931
S932	S932
S933	S933
SAOUHSC_02392	SAOUHSC_02392
SAOUHSC_02393	SAOUHSC_02393
S934	S934
SAOUHSC_02394	SAOUHSC_02394
SAOUHSC_A02273	SAOUHSC_A02273
SAOUHSC_02396	SAOUHSC_02396
S935	S935
SAOUHSC_02397	SAOUHSC_02397
SAOUHSC_02399	SAOUHSC_02399
S936	S936
SAOUHSC_02400	SAOUHSC_02400
SAOUHSC_02401	SAOUHSC_02401
SAOUHSC_02402	SAOUHSC_02402
SAOUHSC_02403	SAOUHSC_02403
S937	S937
SAOUHSC_02404	SAOUHSC_02404
SAOUHSC_02405	glmM
SAOUHSC_02406	SAOUHSC_02406
SAOUHSC_02407	SAOUHSC_02407
SAOUHSC_02409	SAOUHSC_02409
SAOUHSC_02410	SAOUHSC_02410
SAOUHSC_02411	SAOUHSC_02411
SAOUHSC_T00037	SAOUHSC_T00037
SAOUHSC_02412	SAOUHSC_02412
SAOUHSC_T00017	SAOUHSC_T00017
SAOUHSC_T00058	SAOUHSC_T00058
SAOUHSC_T00061	SAOUHSC_T00061
SAOUHSC_T00020	SAOUHSC_T00020
SAOUHSC_T00010	SAOUHSC_T00010
SAOUHSC_R00015	SAOUHSC_R00015
SAOUHSC_R00010	SAOUHSC_R00010
SAOUHSC_T00029	SAOUHSC_T00029
SAOUHSC_R0005	SAOUHSC_R0005
S938	S938
SAOUHSC_02416	SAOUHSC_02416
SAOUHSC_02417	SAOUHSC_02417
S940	S940
SAOUHSC_02418	SAOUHSC_02418
S941	S941
SAOUHSC_02419	SAOUHSC_02419
S942	S942
SAOUHSC_02420	SAOUHSC_02420
S943	S943
SAOUHSC_02422	SAOUHSC_02422
SAOUHSC_02423	SAOUHSC_02423
SAOUHSC_02424	SAOUHSC_02424
SAOUHSC_02425	SAOUHSC_02425
S944	S944
SAOUHSC_02426	SAOUHSC_02426
S945	S945
SAOUHSC_02427	SAOUHSC_02427
SAOUHSC_02428	SAOUHSC_02428
SAOUHSC_02430	SAOUHSC_02430
S946	S946
SAOUHSC_02432	SAOUHSC_02432
SAOUHSC_02433	SAOUHSC_02433
SAOUHSC_02434	SAOUHSC_02434
SAOUHSC_02435	SAOUHSC_02435
S947	S947
SAOUHSC_02436	SAOUHSC_02436
S948	S948
SAOUHSC_02437	SAOUHSC_02437
SAOUHSC_02441	SAOUHSC_02441
SAOUHSC_02442	SAOUHSC_02442
SAOUHSC_02443	SAOUHSC_02443
S949	S949
SAOUHSC_02444	SAOUHSC_02444
SAOUHSC_02445	SAOUHSC_02445
S950	S950
SAOUHSC_02447	SAOUHSC_02447
S951	S951
SAOUHSC_02448	SAOUHSC_02448
SAOUHSC_02449	SAOUHSC_02449
SAOUHSC_02450	SAOUHSC_02450
SAOUHSC_02451	SAOUHSC_02451
SAOUHSC_02452	SAOUHSC_02452
SAOUHSC_02453	SAOUHSC_02453
SAOUHSC_02454	SAOUHSC_02454
SAOUHSC_02455	SAOUHSC_02455
SAOUHSC_02456	SAOUHSC_02456
SAOUHSC_02457	SAOUHSC_02457
SAOUHSC_A02331	SAOUHSC_A02331
S952	S952
SAOUHSC_02458	SAOUHSC_02458
S953	S953
SAOUHSC_02459	SAOUHSC_02459
S954	S954
SAOUHSC_02460	SAOUHSC_02460
SAOUHSC_02461	SAOUHSC_02461
S955	S955
SAOUHSC_02462	SAOUHSC_02462
SAOUHSC_02463	SAOUHSC_02463
SAOUHSC_02464	SAOUHSC_02464
S956	S956
SAOUHSC_02465	SAOUHSC_02465
SAOUHSC_02466	SAOUHSC_02466
S957	S957
S958	S958
SAOUHSC_02467	SAOUHSC_02467
SAOUHSC_02468	SAOUHSC_02468
S959	S959
SAOUHSC_02469	SAOUHSC_02469
SAOUHSC_02470	SAOUHSC_02470
S960	S960
SAOUHSC_02471	SAOUHSC_02471
S961	S961
SAOUHSC_02472	SAOUHSC_02472
SAOUHSC_02474	SAOUHSC_02474
SAOUHSC_02475	SAOUHSC_02475
SAOUHSC_02476	SAOUHSC_02476
SAOUHSC_A02350	SAOUHSC_A02350
SAOUHSC_02477	rpsI
SAOUHSC_02478	rplM
S962	S962
SAOUHSC_02480	truA
SAOUHSC_02481	SAOUHSC_02481
SAOUHSC_02482	cbiO
SAOUHSC_02483	cbiO
S963	S963
S964	S964
SAOUHSC_02484	rplQ
SAOUHSC_02485	SAOUHSC_02485
SAOUHSC_02486	SAOUHSC_02486
SAOUHSC_02487	rpsM
SAOUHSC_02488	rpmJ
SAOUHSC_02489	infA
S965	S965
SAOUHSC_02490	adk
SAOUHSC_02491	secY
SAOUHSC_02492	rplO
SAOUHSC_02493	rpmD
SAOUHSC_02494	rpsE
SAOUHSC_02495	rplR
SAOUHSC_02496	rplF
SAOUHSC_02498	rpsH
SAOUHSC_02499	rpsN
SAOUHSC_02500	rplE
SAOUHSC_02501	rplX
SAOUHSC_02502	rplN
SAOUHSC_02503	rpsQ
SAOUHSC_02504	SAOUHSC_02504
SAOUHSC_02505	rplP
SAOUHSC_02506	rpsC
SAOUHSC_02507	rplV
SAOUHSC_02508	rpsS
S966	S966
SAOUHSC_02509	rplB
SAOUHSC_02510	rplW
SAOUHSC_02511	rplD
SAOUHSC_02512	rplC
SAOUHSC_02512a	SAOUHSC_02512a
SAOUHSC_02515	SAOUHSC_02515
S968	S968
SAOUHSC_02516	SAOUHSC_02516
S969	S969
SAOUHSC_02517	SAOUHSC_02517
SAOUHSC_02518	SAOUHSC_02518
SAOUHSC_02519	SAOUHSC_02519
SAOUHSC_02520	SAOUHSC_02520
S970	S970
SAOUHSC_02521	SAOUHSC_02521
S971	S971
SAOUHSC_02522	SAOUHSC_02522
S972	S972
SAOUHSC_02523	SAOUHSC_02523
S973	S973
SAOUHSC_02524	SAOUHSC_02524
S974	S974
SAOUHSC_02525	SAOUHSC_02525
S975	S975
SAOUHSC_02527	SAOUHSC_02527
S976	S976
SAOUHSC_02528	SAOUHSC_02528
SAOUHSC_02529	SAOUHSC_02529
S977	S977
SAOUHSC_02530	SAOUHSC_02530
SAOUHSC_02531	SAOUHSC_02531
SAOUHSC_02532	SAOUHSC_02532
S978	S978
SAOUHSC_02533	SAOUHSC_02533
SAOUHSC_02534	SAOUHSC_02534
SAOUHSC_02535	SAOUHSC_02535
S979	S979
SAOUHSC_02536	SAOUHSC_02536
SAOUHSC_02537	mobA
SAOUHSC_02538	SAOUHSC_02538
SAOUHSC_02540	SAOUHSC_02540
SAOUHSC_02541	SAOUHSC_02541
SAOUHSC_02542	SAOUHSC_02542
S980	S980
SAOUHSC_02543	moaC
SAOUHSC_02544	SAOUHSC_02544
SAOUHSC_02545	SAOUHSC_02545
S981	S981
SAOUHSC_02546	SAOUHSC_02546
SAOUHSC_02547	SAOUHSC_02547
SAOUHSC_02549	SAOUHSC_02549
S982	S982
SAOUHSC_02550	SAOUHSC_02550
SAOUHSC_02551	SAOUHSC_02551
SAOUHSC_02552	SAOUHSC_02552
SAOUHSC_02553	SAOUHSC_02553
SAOUHSC_02554	SAOUHSC_02554
SAOUHSC_02555	SAOUHSC_02555
S984	S984
SAOUHSC_02557	SAOUHSC_02557
SAOUHSC_02558	ureA
SAOUHSC_02559	ureB
SAOUHSC_02561	ureC
SAOUHSC_02562	ureE
SAOUHSC_02563	SAOUHSC_02563
SAOUHSC_02564	SAOUHSC_02564
SAOUHSC_02565	SAOUHSC_02565
S985	S985
SAOUHSC_02566	SAOUHSC_02566
S986	S986
S987	S987
SAOUHSC_02567	SAOUHSC_02567
SAOUHSC_02568	SAOUHSC_02568
SAOUHSC_02569	SAOUHSC_02569
SAOUHSC_02570	SAOUHSC_02570
S988	S988
S989	S989
SAOUHSC_02571	SAOUHSC_02571
SAOUHSC_02572	SAOUHSC_02572
S990	S990
SAOUHSC_02573	SAOUHSC_02573
S991	S991
SAOUHSC_02574	SAOUHSC_02574
S992	S992
SAOUHSC_02575	SAOUHSC_02575
S993	S993
SAOUHSC_02576	SAOUHSC_02576
SAOUHSC_A02445	SAOUHSC_A02445
SAOUHSC_02577	SAOUHSC_02577
SAOUHSC_02579	SAOUHSC_02579
SAOUHSC_02580	SAOUHSC_02580
S994	S994
SAOUHSC_A02450	SAOUHSC_A02450
SAOUHSC_02581	SAOUHSC_02581
SAOUHSC_02582	SAOUHSC_02582
S995	S995
S996	S996
S997	S997
SAOUHSC_02583	SAOUHSC_02583
S998	S998
SAOUHSC_02584	SAOUHSC_02584
S999	RsaOG
SAOUHSC_02585	SAOUHSC_02585
SAOUHSC_02586	SAOUHSC_02586
SAOUHSC_02587	SAOUHSC_02587
SAOUHSC_02588	SAOUHSC_02588
S1000	S1000
S1001	S1001
SAOUHSC_02589	SAOUHSC_02589
S1002	S1002
S1003	S1003
SAOUHSC_02590	SAOUHSC_02590
S1004	S1004
SAOUHSC_02591	SAOUHSC_02591
SAOUHSC_02592	SAOUHSC_02592
SAOUHSC_02593	SAOUHSC_02593
SAOUHSC_02594	SAOUHSC_02594
SAOUHSC_02595	SAOUHSC_02595
SAOUHSC_02596	SAOUHSC_02596
SAOUHSC_02597	SAOUHSC_02597
S1005	S1005
SAOUHSC_02599	SAOUHSC_02599
SAOUHSC_02600	SAOUHSC_02600
S1006	S1006
SAOUHSC_02601	SAOUHSC_02601
SAOUHSC_02602	SAOUHSC_02602
S1007	S1007
S1008	S1008
SAOUHSC_02603	SAOUHSC_02603
SAOUHSC_02604	SAOUHSC_02604
S1009	S1009
SAOUHSC_02605	SAOUHSC_02605
SAOUHSC_02606	SAOUHSC_02606
SAOUHSC_02607	SAOUHSC_02607
S1010	S1010
SAOUHSC_02608	SAOUHSC_02608
SAOUHSC_02609	SAOUHSC_02609
S1011	S1011
SAOUHSC_02610	SAOUHSC_02610
S1012	S1012
SAOUHSC_02611	SAOUHSC_02611
SAOUHSC_02612	SAOUHSC_02612
SAOUHSC_02613	SAOUHSC_02613
SAOUHSC_A02483	SAOUHSC_A02483
S1013	S1013
SAOUHSC_02614	SAOUHSC_02614
SAOUHSC_02615	SAOUHSC_02615
SAOUHSC_02616	SAOUHSC_02616
SAOUHSC_02618	SAOUHSC_02618
SAOUHSC_02619	SAOUHSC_02619
SAOUHSC_02620	SAOUHSC_02620
S1014	S1014
SAOUHSC_02621	SAOUHSC_02621
S1015	S1015
SAOUHSC_02622	SAOUHSC_02622
SAOUHSC_02623	SAOUHSC_02623
SAOUHSC_02624	SAOUHSC_02624
SAOUHSC_02625	SAOUHSC_02625
SAOUHSC_02626	SAOUHSC_02626
SAOUHSC_02627	SAOUHSC_02627
S1016	S1016
S1017	S1017
SAOUHSC_02628	SAOUHSC_02628
SAOUHSC_02629	SAOUHSC_02629
SAOUHSC_02630	SAOUHSC_02630
S1018	S1018
SAOUHSC_02631	SAOUHSC_02631
S1019	S1019
SAOUHSC_02632	SAOUHSC_02632
S1020	S1020
SAOUHSC_02634	SAOUHSC_02634
SAOUHSC_02635	SAOUHSC_02635
SAOUHSC_A02503	SAOUHSC_A02503
S1021	S1021
SAOUHSC_02636	SAOUHSC_02636
S1022	S1022
SAOUHSC_02638	SAOUHSC_02638
S1023	S1023
SAOUHSC_A02505	SAOUHSC_A02505
SAOUHSC_02639	SAOUHSC_02639
SAOUHSC_02640	SAOUHSC_02640
SAOUHSC_02641	SAOUHSC_02641
SAOUHSC_02643	SAOUHSC_02643
SAOUHSC_02644	SAOUHSC_02644
SAOUHSC_02645	SAOUHSC_02645
SAOUHSC_02646	SAOUHSC_02646
S1024	S1024
SAOUHSC_02647	SAOUHSC_02647
S1025	S1025
S1026	S1026
SAOUHSC_02648	SAOUHSC_02648
S1027	S1027
SAOUHSC_02649	SAOUHSC_02649
S1028	S1028
SAOUHSC_02650	SAOUHSC_02650
S1029	S1029
S1030	S1030
SAOUHSC_02651	SAOUHSC_02651
S1031	S1031
S1032	S1032
SAOUHSC_02652	SAOUHSC_02652
SAOUHSC_02653	SAOUHSC_02653
S1033	S1033
SAOUHSC_02654	SAOUHSC_02654
SAOUHSC_02655	SAOUHSC_02655
SAOUHSC_02656	SAOUHSC_02656
SAOUHSC_02657	SAOUHSC_02657
SAOUHSC_02658	SAOUHSC_02658
S1034	S1034
SAOUHSC_02659	SAOUHSC_02659
SAOUHSC_02660	SAOUHSC_02660
SAOUHSC_02661	SAOUHSC_02661
S1035	S1035
SAOUHSC_02663	SAOUHSC_02663
S1036	SSR42
S1037	S1037
SAOUHSC_02664	SAOUHSC_02664
SAOUHSC_02665	SAOUHSC_02665
S1038	S1038
SAOUHSC_02666	SAOUHSC_02666
S1039	S1039
SAOUHSC_02667	SAOUHSC_02667
S1040	S1040
SAOUHSC_02668	SAOUHSC_02668
S1041	S1041
SAOUHSC_02669	SAOUHSC_02669
S1042	S1042
SAOUHSC_02670	SAOUHSC_02670
SAOUHSC_02671	SAOUHSC_02671
S1043	S1043
SAOUHSC_02672	SAOUHSC_02672
SAOUHSC_02674	SAOUHSC_02674
SAOUHSC_02675	SAOUHSC_02675
S1044	S1044
SAOUHSC_02676	SAOUHSC_02676
SAOUHSC_02677	SAOUHSC_02677
SAOUHSC_02678	SAOUHSC_02678
SAOUHSC_02679	SAOUHSC_02679
SAOUHSC_02680	SAOUHSC_02680
S1045	S1045
SAOUHSC_02681	SAOUHSC_02681
S1046	S1046
SAOUHSC_02682	SAOUHSC_02682
SAOUHSC_02683	SAOUHSC_02683
SAOUHSC_02684	SAOUHSC_02684
SAOUHSC_02685	SAOUHSC_02685
SAOUHSC_02686	SAOUHSC_02686
SAOUHSC_02687	SAOUHSC_02687
S1047	S1047
SAOUHSC_02688	SAOUHSC_02688
SAOUHSC_02689	SAOUHSC_02689
SAOUHSC_02690	SAOUHSC_02690
SAOUHSC_02691	SAOUHSC_02691
SAOUHSC_02692	SAOUHSC_02692
SAOUHSC_02693	SAOUHSC_02693
SAOUHSC_02694	SAOUHSC_02694
SAOUHSC_02695	SAOUHSC_02695
S1048	S1048
SAOUHSC_02696	SAOUHSC_02696
SAOUHSC_02697	SAOUHSC_02697
SAOUHSC_02698	SAOUHSC_02698
SAOUHSC_02699	SAOUHSC_02699
S1049	S1049
SAOUHSC_02700	SAOUHSC_02700
SAOUHSC_02701	SAOUHSC_02701
S1050	S1050
S1051	S1051
SAOUHSC_02702	SAOUHSC_02702
S1052	S1052
SAOUHSC_02703	gpmA
S1053	S1053
SAOUHSC_02704	SAOUHSC_02704
SAOUHSC_02705	SAOUHSC_02705
SAOUHSC_02706	SAOUHSC_02706
SAOUHSC_02707	SAOUHSC_02707
S1054	S1054
SAOUHSC_02708	SAOUHSC_02708
S1055	S1055
SAOUHSC_02709	SAOUHSC_02709
SAOUHSC_02710	SAOUHSC_02710
S1056	S1056
SAOUHSC_02711	SAOUHSC_02711
SAOUHSC_02712	SAOUHSC_02712
SAOUHSC_02713	SAOUHSC_02713
SAOUHSC_02714	SAOUHSC_02714
SAOUHSC_02715	SAOUHSC_02715
SAOUHSC_02716	SAOUHSC_02716
SAOUHSC_A02577	SAOUHSC_A02577
SAOUHSC_02717	SAOUHSC_02717
S1057	S1057
SAOUHSC_02718	SAOUHSC_02718
SAOUHSC_02719	SAOUHSC_02719
SAOUHSC_02720	SAOUHSC_02720
SAOUHSC_02721	SAOUHSC_02721
S1058	S1058
SAOUHSC_02722	SAOUHSC_02722
S1059	S1059
SAOUHSC_02723	SAOUHSC_02723
SAOUHSC_02724	SAOUHSC_02724
SAOUHSC_02725	SAOUHSC_02725
SAOUHSC_02726	SAOUHSC_02726
S1060	S1060
SAOUHSC_02727	SAOUHSC_02727
SAOUHSC_02728	SAOUHSC_02728
S1061	S1061
SAOUHSC_02729	SAOUHSC_02729
SAOUHSC_02731	SAOUHSC_02731
SAOUHSC_02732	SAOUHSC_02732
SAOUHSC_02733	SAOUHSC_02733
SAOUHSC_02734	SAOUHSC_02734
SAOUHSC_02736	SAOUHSC_02736
SAOUHSC_02737	SAOUHSC_02737
SAOUHSC_02738	SAOUHSC_02738
SAOUHSC_02739	SAOUHSC_02739
S1062	S1062
SAOUHSC_02740	SAOUHSC_02740
SAOUHSC_02741	SAOUHSC_02741
SAOUHSC_02742	SAOUHSC_02742
SAOUHSC_02743	SAOUHSC_02743
SAOUHSC_02744	SAOUHSC_02744
S1063	S1063
SAOUHSC_02745	SAOUHSC_02745
SAOUHSC_02746	SAOUHSC_02746
SAOUHSC_02747	SAOUHSC_02747
SAOUHSC_02750	SAOUHSC_02750
S1064	S1064
S1065	S1065
SAOUHSC_02751	SAOUHSC_02751
S1066	S1066
SAOUHSC_02752	SAOUHSC_02752
S1067	S1067
S1068	S1068
SAOUHSC_02753	SAOUHSC_02753
SAOUHSC_02754	SAOUHSC_02754
SAOUHSC_02755	SAOUHSC_02755
S1069	S1069
S1070	S1070
SAOUHSC_02756	SAOUHSC_02756
SAOUHSC_02757	SAOUHSC_02757
SAOUHSC_02758	SAOUHSC_02758
SAOUHSC_02759	SAOUHSC_02759
S1071	S1071
SAOUHSC_02760	SAOUHSC_02760
S1072	S1072
SAOUHSC_02761	SAOUHSC_02761
S1073	S1073
SAOUHSC_02762	SAOUHSC_02762
SAOUHSC_02763	SAOUHSC_02763
SAOUHSC_02764	SAOUHSC_02764
SAOUHSC_02765	SAOUHSC_02765
SAOUHSC_02766	SAOUHSC_02766
SAOUHSC_02767	SAOUHSC_02767
S1074	S1074
SAOUHSC_02768	SAOUHSC_02768
S1075	S1075
SAOUHSC_02769	SAOUHSC_02769
SAOUHSC_02770	SAOUHSC_02770
S1076	S1076
S1077	S1077
SAOUHSC_02771	SAOUHSC_02771
S1078	S1078
SAOUHSC_02772	SAOUHSC_02772
S1079	S1079
SAOUHSC_02773	SAOUHSC_02773
S1080	S1080
SAOUHSC_02774	SAOUHSC_02774
S1081	S1081
SAOUHSC_02775	SAOUHSC_02775
SAOUHSC_02776	SAOUHSC_02776
SAOUHSC_A02635	SAOUHSC_A02635
SAOUHSC_02777	SAOUHSC_02777
S1082	S1082
SAOUHSC_02778	SAOUHSC_02778
S1083	S1083
S1084	S1084
S1085	S1085
SAOUHSC_02779	SAOUHSC_02779
SAOUHSC_02780	SAOUHSC_02780
S1086	S1086
SAOUHSC_02781	SAOUHSC_02781
S1087	S1087
SAOUHSC_02782	SAOUHSC_02782
SAOUHSC_02783	SAOUHSC_02783
SAOUHSC_02784	SAOUHSC_02784
SAOUHSC_02785	SAOUHSC_02785
SAOUHSC_02786	SAOUHSC_02786
SAOUHSC_02788	SAOUHSC_02788
SAOUHSC_02789	SAOUHSC_02789
S1088	S1088
SAOUHSC_02790	SAOUHSC_02790
SAOUHSC_02791	SAOUHSC_02791
SAOUHSC_02793	SAOUHSC_02793
S1089	S1089
SAOUHSC_02794	SAOUHSC_02794
S1090	S1090
SAOUHSC_02795	SAOUHSC_02795
SAOUHSC_02796	SAOUHSC_02796
SAOUHSC_02797	SAOUHSC_02797
SAOUHSC_02798	SAOUHSC_02798
SAOUHSC_02799	SAOUHSC_02799
S1091	S1091
SAOUHSC_02800	SAOUHSC_02800
SAOUHSC_02801	SAOUHSC_02801
S1092	S1092
SAOUHSC_02802	SAOUHSC_02802
SAOUHSC_02803	SAOUHSC_02803
SAOUHSC_02804	SAOUHSC_02804
SAOUHSC_02805	SAOUHSC_02805
SAOUHSC_02806	SAOUHSC_02806
S1093	S1093
SAOUHSC_02808	SAOUHSC_02808
SAOUHSC_02809	SAOUHSC_02809
SAOUHSC_02810	SAOUHSC_02810
S1094	S1094
SAOUHSC_02811	SAOUHSC_02811
SAOUHSC_02812	SAOUHSC_02812
S1095	S1095
S1096	S1096
SAOUHSC_02813	SAOUHSC_02813
S1097	S1097
SAOUHSC_02815	SAOUHSC_02815
S1098	S1098
S1099	S1099
SAOUHSC_02816	SAOUHSC_02816
SAOUHSC_02817	SAOUHSC_02817
SAOUHSC_02818	SAOUHSC_02818
SAOUHSC_02819	SAOUHSC_02819
SAOUHSC_02820	SAOUHSC_02820
SAOUHSC_02821	SAOUHSC_02821
S1100	S1100
SAOUHSC_02822	SAOUHSC_02822
SAOUHSC_A02680	SAOUHSC_A02680
S1101	S1101
SAOUHSC_02823	SAOUHSC_02823
S1102	S1102
SAOUHSC_02824	SAOUHSC_02824
SAOUHSC_02825	SAOUHSC_02825
SAOUHSC_02826	SAOUHSC_02826
SAOUHSC_02827	SAOUHSC_02827
SAOUHSC_02828	SAOUHSC_02828
SAOUHSC_02829	SAOUHSC_02829
S1103	S1103
SAOUHSC_02830	SAOUHSC_02830
SAOUHSC_02831	SAOUHSC_02831
S1104	S1104
SAOUHSC_02832	SAOUHSC_02832
SAOUHSC_02833	SAOUHSC_02833
SAOUHSC_02834	SAOUHSC_02834
SAOUHSC_02836	SAOUHSC_02836
S1105	S1105
SAOUHSC_02837	SAOUHSC_02837
SAOUHSC_02838	SAOUHSC_02838
SAOUHSC_02839	SAOUHSC_02839
SAOUHSC_02840	SAOUHSC_02840
SAOUHSC_02841	SAOUHSC_02841
S1106	S1106
S1107	S1107
SAOUHSC_02842	SAOUHSC_02842
S1108	S1108
S1109	S1109
SAOUHSC_02843	SAOUHSC_02843
SAOUHSC_02844	SAOUHSC_02844
S1110	S1110
SAOUHSC_02845	SAOUHSC_02845
SAOUHSC_02846	SAOUHSC_02846
S1111	S1111
SAOUHSC_02848	SAOUHSC_02848
S1112	S1112
SAOUHSC_02849	SAOUHSC_02849
SAOUHSC_02850	SAOUHSC_02850
SAOUHSC_02851	SAOUHSC_02851
SAOUHSC_02852	SAOUHSC_02852
S1113	S1113
SAOUHSC_02853	SAOUHSC_02853
S1114	S1114
SAOUHSC_02855	SAOUHSC_02855
S1115	S1115
SAOUHSC_02856	SAOUHSC_02856
S1116	S1116
SAOUHSC_02857	SAOUHSC_02857
S1117	S1117
SAOUHSC_02858	SAOUHSC_02858
S1118	S1118
SAOUHSC_02859	SAOUHSC_02859
S1119	S1119
S1120	S1120
SAOUHSC_02860	SAOUHSC_02860
S1121	S1121
SAOUHSC_02861	SAOUHSC_02861
S1122	S1122
SAOUHSC_02862	SAOUHSC_02862
SAOUHSC_02863	SAOUHSC_02863
SAOUHSC_02864	SAOUHSC_02864
SAOUHSC_02865	SAOUHSC_02865
SAOUHSC_02866	SAOUHSC_02866
S1123	S1123
S1124	S1124
SAOUHSC_02867	SAOUHSC_02867
SAOUHSC_02868	SAOUHSC_02868
SAOUHSC_02869	SAOUHSC_02869
S1125	S1125
SAOUHSC_02871	SAOUHSC_02871
SAOUHSC_02872	SAOUHSC_02872
S1126	S1126
SAOUHSC_02873	SAOUHSC_02873
S1127	S1127
SAOUHSC_02874	SAOUHSC_02874
SAOUHSC_02875	SAOUHSC_02875
SAOUHSC_02876	SAOUHSC_02876
S1128	S1128
S1129	S1129
SAOUHSC_02877	SAOUHSC_02877
SAOUHSC_02879	SAOUHSC_02879
SAOUHSC_02880	SAOUHSC_02880
SAOUHSC_02881	SAOUHSC_02881
SAOUHSC_02882	SAOUHSC_02882
S1130	S1130
SAOUHSC_02883	SAOUHSC_02883
S1131	S1131
SAOUHSC_02885	SAOUHSC_02885
S1132	S1132
SAOUHSC_02886	SAOUHSC_02886
S1133	S1133
SAOUHSC_02887	SAOUHSC_02887
S1134	S1134
S1135	S1135
SAOUHSC_02888	SAOUHSC_02888
S1136	S1136
SAOUHSC_02889	SAOUHSC_02889
SAOUHSC_02890	SAOUHSC_02890
SAOUHSC_02891	SAOUHSC_02891
SAOUHSC_02892	SAOUHSC_02892
SAOUHSC_02893	SAOUHSC_02893
SAOUHSC_02894	SAOUHSC_02894
SAOUHSC_02895	SAOUHSC_02895
SAOUHSC_02896	SAOUHSC_02896
S1137	S1137
SAOUHSC_02897	SAOUHSC_02897
SAOUHSC_02898	SAOUHSC_02898
S1138	S1138
SAOUHSC_02899	SAOUHSC_02899
SAOUHSC_02900	SAOUHSC_02900
S1139	S1139
SAOUHSC_02901	SAOUHSC_02901
S1140	S1140
SAOUHSC_02902	SAOUHSC_02902
SAOUHSC_02904	SAOUHSC_02904
S1141	S1141
S1142	S1142
SAOUHSC_02905	SAOUHSC_02905
SAOUHSC_02906	SAOUHSC_02906
SAOUHSC_02907	SAOUHSC_02907
SAOUHSC_02908	SAOUHSC_02908
S1143	S1143
SAOUHSC_02909	SAOUHSC_02909
S1144	S1144
SAOUHSC_02910	SAOUHSC_02910
S1145	S1145
SAOUHSC_02911	SAOUHSC_02911
SAOUHSC_02912	SAOUHSC_02912
SAOUHSC_02913	SAOUHSC_02913
SAOUHSC_02914	SAOUHSC_02914
SAOUHSC_02915	SAOUHSC_02915
SAOUHSC_02916	SAOUHSC_02916
SAOUHSC_02918	panC
SAOUHSC_02919	panB
S1146	S1146
SAOUHSC_02920	SAOUHSC_02920
SAOUHSC_02921	SAOUHSC_02921
S1147	S1147
SAOUHSC_02922	SAOUHSC_02922
S1148	S1148
S1149	S1149
SAOUHSC_A02771	SAOUHSC_A02771
SAOUHSC_02923	SAOUHSC_02923
SAOUHSC_02924	SAOUHSC_02924
S1150	S1150
SAOUHSC_02925	SAOUHSC_02925
S1151	S1151
SAOUHSC_02926	SAOUHSC_02926
SAOUHSC_02927	SAOUHSC_02927
S1152	S1152
S1153	S1153
SAOUHSC_02928	SAOUHSC_02928
SAOUHSC_02929	SAOUHSC_02929
S1154	S1154
S1155	S1155
SAOUHSC_02930	SAOUHSC_02930
SAOUHSC_02931	SAOUHSC_02931
SAOUHSC_02932	SAOUHSC_02932
S1156	S1156
SAOUHSC_02933	SAOUHSC_02933
SAOUHSC_02934	SAOUHSC_02934
SAOUHSC_02935	SAOUHSC_02935
S1157	S1157
S1158	S1158
SAOUHSC_02936	SAOUHSC_02936
SAOUHSC_02937	SAOUHSC_02937
S1159	S1159
SAOUHSC_02939	SAOUHSC_02939
SAOUHSC_02940	SAOUHSC_02940
SAOUHSC_02941	SAOUHSC_02941
SAOUHSC_02942	SAOUHSC_02942
SAOUHSC_02943	SAOUHSC_02943
SAOUHSC_02944	SAOUHSC_02944
S1160	S1160
SAOUHSC_02945	SAOUHSC_02945
SAOUHSC_02947	SAOUHSC_02947
S1161	S1161
SAOUHSC_02948	SAOUHSC_02948
SAOUHSC_02949	SAOUHSC_02949
SAOUHSC_A02794	SAOUHSC_A02794
S1162	S1162
SAOUHSC_02950	SAOUHSC_02950
SAOUHSC_A02795	SAOUHSC_A02795
S1163	S1163
SAOUHSC_02953	SAOUHSC_02953
SAOUHSC_02954	SAOUHSC_02954
SAOUHSC_02955	nsaS
SAOUHSC_02956	nsaR
SAOUHSC_02957	SAOUHSC_02957
SAOUHSC_A02801	SAOUHSC_A02801
SAOUHSC_02958	SAOUHSC_02958
S1164	S1164
SAOUHSC_02960	SAOUHSC_02960
SAOUHSC_02961	SAOUHSC_02961
SAOUHSC_02962	SAOUHSC_02962
SAOUHSC_02963	SAOUHSC_02963
SAOUHSC_02964	SAOUHSC_02964
S1165	S1165
SAOUHSC_02965	SAOUHSC_02965
SAOUHSC_02967	SAOUHSC_02967
SAOUHSC_02968	SAOUHSC_02968
SAOUHSC_02969	SAOUHSC_02969
SAOUHSC_A02811	SAOUHSC_A02811
SAOUHSC_02970	SAOUHSC_02970
SAOUHSC_02971	SAOUHSC_02971
SAOUHSC_02972	SAOUHSC_02972
SAOUHSC_02973	SAOUHSC_02973
SAOUHSC_02974	SAOUHSC_02974
SAOUHSC_02975	SAOUHSC_02975
SAOUHSC_02976	SAOUHSC_02976
SAOUHSC_02978	SAOUHSC_02978
S1166	S1166
S1167	S1167
SAOUHSC_02979	SAOUHSC_02979
S1168	S1168
SAOUHSC_02980	SAOUHSC_02980
S1169	S1169
SAOUHSC_02982	SAOUHSC_02982
S1170	S1170
SAOUHSC_02983	SAOUHSC_02983
SAOUHSC_02984	SAOUHSC_02984
SAOUHSC_02985	SAOUHSC_02985
SAOUHSC_02986	SAOUHSC_02986
SAOUHSC_02987	SAOUHSC_02987
SAOUHSC_02988	SAOUHSC_02988
SAOUHSC_02989	secY
SAOUHSC_02990	SAOUHSC_02990
S1171	S1171
SAOUHSC_02991	SAOUHSC_02991
S1172	S1172
SAOUHSC_02992	SAOUHSC_02992
SAOUHSC_02993	SAOUHSC_02993
SAOUHSC_02994	SAOUHSC_02994
SAOUHSC_02995	SAOUHSC_02995
SAOUHSC_02996	SAOUHSC_02996
SAOUHSC_02997	SAOUHSC_02997
SAOUHSC_02998	SAOUHSC_02998
SAOUHSC_02999	SAOUHSC_02999
SAOUHSC_03000	SAOUHSC_03000
S1173	S1173
SAOUHSC_03001	SAOUHSC_03001
S1174	S1174
SAOUHSC_03002	SAOUHSC_03002
SAOUHSC_03003	SAOUHSC_03003
SAOUHSC_03004	SAOUHSC_03004
SAOUHSC_03005	SAOUHSC_03005
S1175	S1175
SAOUHSC_03006	SAOUHSC_03006
S1176	S1176
S1177	S1177
SAOUHSC_A02856	SAOUHSC_A02856
S1178	S1178
SAOUHSC_03008	SAOUHSC_03008
SAOUHSC_03009	SAOUHSC_03009
SAOUHSC_03010	hisH
SAOUHSC_03011	hisB
SAOUHSC_03012	SAOUHSC_03012
SAOUHSC_03013	SAOUHSC_03013
SAOUHSC_03014	hisG
SAOUHSC_03015	hisZ
S1179	S1179
SAOUHSC_03016	SAOUHSC_03016
S1180	S1180
SAOUHSC_03017	SAOUHSC_03017
SAOUHSC_03018	SAOUHSC_03018
SAOUHSC_03019	SAOUHSC_03019
SAOUHSC_03020	SAOUHSC_03020
SAOUHSC_03021	SAOUHSC_03021
S1181	S1181
S1182	S1182
SAOUHSC_03022	SAOUHSC_03022
SAOUHSC_03023	SAOUHSC_03023
S1183	S1183
SAOUHSC_03024	SAOUHSC_03024
SAOUHSC_03025	SAOUHSC_03025
S1184	S1184
SAOUHSC_03026	SAOUHSC_03026
SAOUHSC_03027	SAOUHSC_03027
SAOUHSC_03028	SAOUHSC_03028
SAOUHSC_03030	SAOUHSC_03030
SAOUHSC_03031	SAOUHSC_03031
SAOUHSC_03032	SAOUHSC_03032
SAOUHSC_03033	SAOUHSC_03033
S1185	S1185
SAOUHSC_03034	SAOUHSC_03034
SAOUHSC_03035	SAOUHSC_03035
SAOUHSC_03036	SAOUHSC_03036
SAOUHSC_03037	SAOUHSC_03037
SAOUHSC_03037a	SAOUHSC_03037a
SAOUHSC_03040	SAOUHSC_03040
SAOUHSC_03041	SAOUHSC_03041
SAOUHSC_03042	SAOUHSC_03042
SAOUHSC_3042a	SAOUHSC_3042a
S1186	S1186
SAOUHSC_03045	SAOUHSC_03045
SAOUHSC_03046	SAOUHSC_03046
S1187	S1187
SAOUHSC_03047	SAOUHSC_03047
S1188	S1188
SAOUHSC_03048	SAOUHSC_03048
SAOUHSC_03049	SAOUHSC_03049
SAOUHSC_03051	gidB
SAOUHSC_03052	SAOUHSC_03052
SAOUHSC_03053	trmE
S1190	S1190
SAOUHSC_03054	rnpA
S1191	S1191
SAOUHSC_03055	rpmH
S1192	S1192
